순번,단지명,회사명,공장대표주소(도로명),생산품
1,전주도시첨단산업단지,(유)세미,"전라북도 전주시 덕진구 반룡로 109, 304호 (팔복동2가, 테크노빌A동)","LED방등,LED거실등,LED주방등"
2,전주도시첨단산업단지,(유)엔텍코리아,"전라북도 전주시 덕진구 반룡로 109, 110호 (팔복동2가, 테크노빌A동)",전기전자제어장비
3,전주도시첨단산업단지,(주)공공&상상,"전라북도 전주시 덕진구 반룡로 109, 201호(전북테크노파크 테크노빌A동) (팔복동2가)",디자인 문구
4,전주도시첨단산업단지,(주)나노솔루션,"전라북도 전주시 덕진구 반룡로 110-11, 전주기계탄소기술원복합동 1층 101 (팔복동2가)",카본나노튜브
5,전주도시첨단산업단지,(주)나노포커스레이,"전라북도 전주시 덕진구 원만성로 109, 전주시 덕진구 팔복동2가835-12 (팔복동2가)",의료용x전장비
6,전주도시첨단산업단지,(주)누리공간산업,"전라북도 전주시 덕진구 반룡로 109, 207호 (팔복동2가, 테크노빌A동)",3D프린터모형
7,전주도시첨단산업단지,(주)다인스,"전라북도 전주시 덕진구 반룡로 111, 나노기술집적센터 513.514.515호 (팔복동2가)",탄소제품 전기용
8,전주도시첨단산업단지,(주)대건에프앤에프,전라북도 전주시 덕진구 원만성로 119 (팔복동2가),두부및유사식품 외1
9,전주도시첨단산업단지,(주)덕진,"전라북도 전주시 덕진구 반룡로 109, 전북테크노파크테크노빌B동108호,110호 (팔복동2가)",파우치 아연공기전지
10,전주도시첨단산업단지,(주)랜드로드,"전라북도 전주시 덕진구 반룡로 109, 테크노빌 비동 107호 (팔복동2가)",비점오염저감장치
11,전주도시첨단산업단지,(주)메이커스코리아,"전라북도 전주시 덕진구 반룡로 109, 생산지원동(테크노빌)B동113호 (팔복동2가, 테크노빌A동)",3D프린터
12,전주도시첨단산업단지,(주)메타정보기술,"전라북도 전주시 덕진구 반룡로 109, (전북테크노파크 생산지원비동313호) (팔복동2가, 테크노빌A동)",주차관제기기
13,전주도시첨단산업단지,(주)바이오라인,"전라북도 전주시 덕진구 반룡로 111, 전자부품연구원 전북지역본부 자동차센서지원센터(IT동) (팔복동2가)",무선관수제어시스템
14,전주도시첨단산업단지,(주)벤투스,"전라북도 전주시 덕진구 반룡로 109, 벤처지원동 506호 (팔복동2가)","컨디셔너, 공기청정기"
15,전주도시첨단산업단지,(주)삼도환경,"전라북도 전주시 덕진구 반룡로 109, 전북테크노파크 테크노빌 A동 212호 (팔복동2가)",플라즈마 악취제거기
16,전주도시첨단산업단지,(주)서로바이오,"전라북도 전주시 덕진구 반룡로 109, 벤처지원동 311호 (팔복동2가)","두유 분말차, 분말 보양차"
17,전주도시첨단산업단지,(주)세스전북지점,"전라북도 전주시 덕진구 반룡로 109, 테크노빌 A동 312호 (팔복동2가)",비접촉전원공급장치
18,전주도시첨단산업단지,(주)스템디알,"전라북도 전주시 덕진구 반룡로 109, 테그노빌B동306,308~311호 (팔복동2가, 테크노빌A동)",화장품약용미누
19,전주도시첨단산업단지,(주)쓰리제이,"전라북도 전주시 덕진구 원만성로 106, 한국탄소융합기술원 창업보육센터 209호 (팔복동2가)",탄소나노튜브
20,전주도시첨단산업단지,(주)씨엔와이더스,"전라북도 전주시 덕진구 반룡로 109, 벤처지원동 310호 (팔복동2가)",iot모듈
21,전주도시첨단산업단지,(주)아람솔루션,"전라북도 전주시 덕진구 반룡로 109, 전북테크노파크 벤처지원동 202호 (팔복동2가)","마미링,고든"
22,전주도시첨단산업단지,(주)아이기스,"전라북도 전주시 덕진구 반룡로 110, 알앤디집적화동 103호 (팔복동2가)",고압호스용맨드릴로드
23,전주도시첨단산업단지,(주)에스티에스,"전라북도 전주시 덕진구 반룡로 109, 테크노빌 b동 207호 (팔복동2가)",차량차단기 외
24,전주도시첨단산업단지,(주)에이엠피테크,"전라북도 전주시 덕진구 반룡로 110, 알앤디동 1층 (팔복동2가)","브레이크디스크용부시, 승용차용 경량알루미늄휠 등"
25,전주도시첨단산업단지,(주)에이치피케이(전주지점),"전라북도 전주시 덕진구 반룡로 109, 벤처지원동 306, 308호 (팔복동2가)","전구체, 탄소섬유"
26,전주도시첨단산업단지,(주)엘립,"전라북도 전주시 덕진구 반룡로 109 (팔복동2가) 벤처지원동 403호, 405호",기능성 마스크
27,전주도시첨단산업단지,(주)옵토웰,"전라북도 전주시 덕진구 반룡로 109, 테크노빌 B동 209호 (팔복동2가) 외 1필지",광반도체 칩 및 패키지
28,전주도시첨단산업단지,(주)옵토웰,"전라북도 전주시 덕진구 반룡로 111, 전자부품연구원 나노기술집적센터 (팔복동2가)",광반도체 다이오드
29,전주도시첨단산업단지,(주)유비넷시스,"전라북도 전주시 덕진구 반룡로 109, 테크노빌 A동 202,204호 (팔복동2가)","ESS, PMS"
30,전주도시첨단산업단지,(주)이앤코리아,"전라북도 전주시 덕진구 반룡로 110, 전주도시첨단산업단지 R&D동 103호 (팔복동2가)","비닐필름,진공비닐"
31,전주도시첨단산업단지,(주)피앤엘세미,"전라북도 전주시 덕진구 반룡로 111, 에코인쇄전자창업보육센타201호, 202호, 206호, KETI 클린룸 (팔복동2가)",반도체 소자
32,전주도시첨단산업단지,(주)하늘항공,"전라북도 전주시 덕진구 원만성로 106, (재)한국탄소융합기술원 신상품개발지원센터 322호 (팔복동2가)",산업용드론
33,전주도시첨단산업단지,(주)하이엠시,"전라북도 전주시 덕진구 유상로 31-4, 104호 (팔복동2가)",초경합금
34,전주도시첨단산업단지,(주)해건,"전라북도 전주시 덕진구 반룡로 109, 테크노빌A동 201호, 203호 (팔복동2가)",LED 교통안전시설물
35,전주도시첨단산업단지,(주)화이트라이팅,전라북도 전주시 덕진구 반룡로 109 (팔복동2가) 테크노빌 테크노빌 B동 113호,발광형 표지판
36,전주도시첨단산업단지,(주)힐월드,"전라북도 전주시 덕진구 반룡로 109, 전북테크노파크 테크노빌 B동 202호, 204호 (팔복동2가)","반려동물 체중계, 스마트 급식 로봇"
37,전주도시첨단산업단지,대성,"전라북도 전주시 덕진구 반룡로 109, 테크노빌 A동 209호 (팔복동2가)","무인 자동 말벌 퇴치 시스템"
38,전주도시첨단산업단지,딕스비전 주식회사,"전라북도 전주시 덕진구 반룡로 109, 전북테크노파크 테크노빌 B동 315호 (팔복동2가)",CCTV
39,전주도시첨단산업단지,맥소프트(주),"전라북도 전주시 덕진구 반룡로 109, 테크노빌 B동 206, 208호 (팔복동2가)","자동차, 항공기용 경량부품"
40,전주도시첨단산업단지,비투엠,"전라북도 전주시 덕진구 반룡로 109, 테크노빌 B동 105호, 113호 (팔복동2가)",재활 보행용 워킹 머신 등
41,전주도시첨단산업단지,비티텔레콤,"전라북도 전주시 덕진구 반룡로 111, 나노기술집적센터 516, 517호 (팔복동2가)","유선통신장치, 무선통신방송및응용장치 외"
42,전주도시첨단산업단지,세이프웨어(주),"전라북도 전주시 덕진구 반룡로 109, 벤처지원동 210호 (팔복동2가)","에어백, 아이티 융복함 의류 등"
43,전주도시첨단산업단지,솔라시도코리아(주),"전라북도 전주시 덕진구 반룡로 109, 테크노빌A동 112, 114호 (팔복동2가)",태양광 패널
44,전주도시첨단산업단지,유한회사 시원,"전라북도 전주시 덕진구 반룡로 109, 506. 508. 510. 512호 (팔복동2가)",폐쇄회로 카메라
45,전주도시첨단산업단지,유한회사 한국케이비에프,"전라북도 전주시 덕진구 반룡로 109, 테크노빌 A동 311, 313, 315호 (팔복동2가)",영상감시장치
46,전주도시첨단산업단지,이미지랩(주),"전라북도 전주시 덕진구 반룡로 111, 지원동 411호 (팔복동2가, 나노기술집적센터)",액정표시장치 전자부품
47,전주도시첨단산업단지,젯트리프트,"전라북도 전주시 덕진구 반룡로 109 (팔복동2가) 테크노빌B동112호, 114호",산업용 리프트
48,전주도시첨단산업단지,주식회사 바이오램프,"전라북도 전주시 덕진구 반룡로 109 (팔복동2가) 테크노빌 B동 202, 204호",전도성 폴리머
49,전주도시첨단산업단지,주식회사 에니에스,"전라북도 전주시 덕진구 반룡로 110, 알앤디동 205호 (팔복동2가)","천정난방기, 카본필름난방기, 가정용난방기"
50,전주도시첨단산업단지,주식회사 엘템,"전라북도 전주시 덕진구 반룡로 109 (팔복동2가, 테크노빌B동) 201호",고출력지향성스피커
51,전주도시첨단산업단지,주식회사 우리항공,"전라북도 전주시 덕진구 반룡로 111, 309호(에코창업보육센터) (팔복동2가)",드론부품
52,전주도시첨단산업단지,주식회사 이도엔지니어링,"전라북도 전주시 덕진구 반룡로 109, B동 109호(전북테크노파크 생산지원동) (팔복동2가)",필터
53,전주도시첨단산업단지,주식회사 하나중공업 전주지사,"전라북도 전주시 덕진구 반룡로 85, 주식회사 하나중공업 전주지사 (팔복동2가)",고소작업차 및 특장차량
54,전주도시첨단산업단지,준트랙,"전라북도 전주시 덕진구 반룡로 109, 전북TP벤처지원동502호 (팔복동2가, 테크노빌A동)",산업처리공정제어장비
55,전주시자원순환특화일반산업단지,(유)RTI,전라북도 전주시 완산구 정여립로 655-17 (상림동),"PE재생원료, PE필름"
56,전주시자원순환특화일반산업단지,(유)신진금속,전라북도 전주시 완산구 상림동 762-8번지,금속.비금속 스크랩
57,전주시자원순환특화일반산업단지,(주)동우TMC,전라북도 전주시 완산구 정여립로 655-41 (상림동),황산아연 망간 합제(사료첨가제 원료)
58,전주시자원순환특화일반산업단지,(주)석청코리아,전라북도 전주시 완산구 상림동 762-1번지,고무분말.분철
59,전주시자원순환특화일반산업단지,(주)유림,전라북도 전주시 완산구 상림동 762-3번지,활성탄
60,전주시자원순환특화일반산업단지,유한회사 와이엠리앤텍,전라북도 전주시 완산구 상림동 765-1번지,PVC 재생원료
61,전주시자원순환특화일반산업단지,주식회사 제이앤이메탈,"전라북도 전주시 완산구 정여립로 655-11, (상림동 764-1) (상림동)","이온정제유,비철금속괴"
62,전주제1일반산업단지,(유)금강특수유리,"전라북도 전주시 덕진구 기린대로 734 (팔복동1가, 금강특수유리)",판유리가공및복층유리 제조업
63,전주제1일반산업단지,(유)금호주방,전라북도 전주시 덕진구 상리2길 25 (팔복동2가),업소용 주방기구
64,전주제1일반산업단지,(유)대림건영,"전라북도 전주시 덕진구 구렛들3길 50, 전주시 덕진구 팔복동1가356-1(유)대림건영) (팔복동1가, (주)대양실업)",고무분말외
65,전주제1일반산업단지,(유)동성물산,"전라북도 전주시 덕진구 신복로 119-11 (팔복동1가, 동성물산)",조안나바
66,전주제1일반산업단지,(유)만도,전라북도 전주시덕진구 팔복동1가 333번지,플라스틱압축기
67,전주제1일반산업단지,(유)서희산업개발,전라북도 전주시 덕진구 구렛들3길 51 (팔복동4가),판유리가공 복층유리
68,전주제1일반산업단지,(유)성주,전라북도 전주시 덕진구 신복로 141 (팔복동1가),"금속제창, 합성수지제창,조경시설물, 체육시설물, 금속재울타리"
69,전주제1일반산업단지,(유)세윤건설산업,전라북도 전주시 덕진구 상리1길 9 (팔복동2가),교통표지판.도로표지판.옥외간판등
70,전주제1일반산업단지,(유)송림지류산업,전라북도 전주시 덕진구 기린대로 746 (팔복동1가),신문용지.복사용지
71,전주제1일반산업단지,(유)에이케이,"전라북도 전주시 덕진구 구렛들3길 26-5,  3층 (팔복동1가)",내의
72,전주제1일반산업단지,(유)엘엘제이산업,전라북도 전주시 덕진구 상리1길 20 (팔복동2가),문구용지
73,전주제1일반산업단지,(유)영창철강,전라북도 전주시 덕진구 신복로 135 (팔복동1가) 외 3필지,철판 형강류
74,전주제1일반산업단지,(유)영창철강,전라북도 전주시 덕진구 상리1길 21 (팔복동2가),기타기계
75,전주제1일반산업단지,(유)오병이어,전라북도 전주시 덕진구 구렛들2길 53 (팔복동1가),치약칫솔케이스외2종
76,전주제1일반산업단지,(유)전북가설,전라북도 전주시 덕진구 기린대로 752 (팔복동1가),강관
77,전주제1일반산업단지,(유)전원기공사,전라북도 전주시 덕진구 상리2길 29 (팔복동2가),설비업
78,전주제1일반산업단지,(유)전주지관,전라북도 전주시 덕진구 신복천변로 23-10 (팔복동1가),지관
79,전주제1일반산업단지,(유)케이씨,"전라북도 전주시 덕진구 기린대로 711,  202호 (팔복동2가)",유아용의복
80,전주제1일반산업단지,(유)평화스테인레스,전라북도 전주시 덕진구 구렛들3길 36 (팔복동1가),발코니난간대
81,전주제1일반산업단지,(유)한풍제약,"전라북도 전주시 덕진구 구렛들3길 11 (팔복동1가, (유)한풍제약)",한방과립제
82,전주제1일반산업단지,(유)현대특수금속,"전라북도 전주시 덕진구 상리1길 9, (290-5번지, 290-6번지) (팔복동2가)","비철금속,절삭"
83,전주제1일반산업단지,(주)넥스트가스이노베이션,전라북도 전주시 덕진구 신복천변로 35 (팔복동1가),가스버너소각로
84,전주제1일반산업단지,(주)다오코리아,"전라북도 전주시 덕진구 신복천변로 23-11, 1층 101호 (팔복동1가)",운동용매트
85,전주제1일반산업단지,(주)대명테크 전주공장,전라북도 전주시 덕진구 신복로 116-12 (팔복동4가),무정전전원장치및자동전압조정기
86,전주제1일반산업단지,(주)대신냉방,"전라북도 전주시 덕진구 상리1길 47 (팔복동2가, 하이텍스)",산업용공조기
87,전주제1일반산업단지,(주)대양실업,"전라북도 전주시 덕진구 구렛들3길 50 (팔복동1가, (주)대양실업)",메리야쓰 원단
88,전주제1일반산업단지,(주)대환에너지,전라북도 전주시 덕진구 신복로 121 (팔복동1가),"탄소사, 탄소발열체"
89,전주제1일반산업단지,(주)디에스윈,전라북도 전주시 덕진구 구렛들1길 20 (팔복동1가),샤시용ROLLER
90,전주제1일반산업단지,(주)명인이엔지,전라북도 전주시 덕진구 구렛들3길 50 (팔복동1가),"배전반, 분전반, MCC반"
91,전주제1일반산업단지,(주)미래영상,전라북도 전주시 덕진구 상리1길 46 (팔복동2가),인쇄용한지
92,전주제1일반산업단지,(주)비와이씨,"전라북도 전주시 덕진구 구렛들3길 35 (팔복동1가, (주)백양)",메리야쓰
93,전주제1일반산업단지,(주)삼양전력,전라북도 전주시 덕진구 구렛들3길 53 (팔복동4가),전기공사
94,전주제1일반산업단지,(주)삼우냉동,전라북도 전주시 덕진구 상리로 29 (팔복동2가),만두
95,전주제1일반산업단지,(주)삼호화공기계제작소,"전라북도 전주시 덕진구 구렛들1길 28-20 (팔복동1가, 삼호화공기계제작소)","산업용보일러, 기타 화공기계"
96,전주제1일반산업단지,(주)세우테크윈,전라북도 전주시 덕진구 구렛들2길 35 (팔복동1가),"자동제어판넬, 배전반류"
97,전주제1일반산업단지,(주)세우테크윈,전라북도 전주시 덕진구 상리2길 17 (팔복동2가),"자동제어판넬, 수배전반, 분전반"
98,전주제1일반산업단지,(주)신한방전주공장,전라북도 전주시 덕진구 구렛들3길 26-5 (팔복동1가),내의
99,전주제1일반산업단지,(주)쏘렉스,전라북도 전주시 덕진구 구렛들1길 46 (팔복동1가),공장부지임대
100,전주제1일반산업단지,(주)에이지락,"전라북도 전주시 덕진구 상리로 45, 202호 (팔복동2가)",클린징티슈
101,전주제1일반산업단지,(주)엔씨케이산업,"전라북도 전주시 덕진구 구렛들3길 48 (팔복동1가, 신한봉제)",여행용칫솔셋트
102,전주제1일반산업단지,(주)엔이알,"전라북도 전주시 덕진구 기린대로 711, 3층 (팔복동2가)","LED램프, LED등기구"
103,전주제1일반산업단지,(주)엔피씨,전라북도 전주시 덕진구 팔복동1가 333-33번지,철제상자
104,전주제1일반산업단지,(주)온-에이,전라북도 전주시 덕진구 구렛들1길 46 (팔복동1가),황토보드
105,전주제1일반산업단지,(주)우리냉장,전라북도 전주시 덕진구 구렛들2길 25 (팔복동1가),식용얼음
106,전주제1일반산업단지,(주)유니온씨티,전라북도 전주시 덕진구 신복로 105 (팔복동1가),"버스승강장,종합폴,도로표지"
107,전주제1일반산업단지,(주)유명사,전라북도 전주시 덕진구 구렛들1길 14 (팔복동1가),"자동차부품제조, 절단가공"
108,전주제1일반산업단지,(주)임호엔지니어링,전라북도 전주시 덕진구 구렛들2길 15 (팔복동1가),배전반 및 전기자동제어
109,전주제1일반산업단지,(주)전주원파워,전라북도 전주시 덕진구 팔복동3가 180-26번지 외 11필지,"전기, 스팀"
110,전주제1일반산업단지,(주)전주파워,"전라북도 전주시 덕진구 팔복로 59, (주)전주파워 (팔복동2가, (주)전주페이퍼)",1-305
111,전주제1일반산업단지,(주)전주페이퍼,"전라북도 전주시 덕진구 팔복로 59 (팔복동2가, (주)전주페이퍼) 외 18필지","종이류(신문용지, 출판용지, 산업용지)"
112,전주제1일반산업단지,(주)카이젠,"전라북도 전주시 덕진구 기린대로 711, 401호 (팔복동2가)",램프.안정기.조명장치
113,전주제1일반산업단지,(주)텍시마인터내셔날,전라북도 전주시 덕진구 상리로 45 (팔복동2가),섬유기계지젝
114,전주제1일반산업단지,(주)피치앤글로비스,전라북도 전주시 덕진구 신복로 121 (팔복동1가),탄소발열보드
115,전주제1일반산업단지,(주)피치케이블,전라북도 전주시 덕진구 신복로 121 (팔복동1가),"탄소발열벤치, 탄소발열방석 등"
116,전주제1일반산업단지,(주)한별산업개발,전라북도 전주시 덕진구 신복로 141 (팔복동1가) 외 1필지,하이샤시제조
117,전주제1일반산업단지,(주)현대철재,전라북도 전주시 덕진구 신복로 145 (팔복동1가),철근 제조 가공
118,전주제1일반산업단지,(주)휴비스,"전라북도 전주시 덕진구 기린대로 787 (팔복동2가, (주)휴비스 전주공장) 외 1필지",폴리에스텔 원사 외 
119,전주제1일반산업단지,(주)힉스프로,전라북도 전주시 덕진구 구렛들2길 19 (팔복동1가),열교환기. 트렉터 랙
120,전주제1일반산업단지,ATLAS ENG(아트라스),전라북도 전주시 덕진구 상리로 45 (팔복동2가),무정전 전원장치제조
121,전주제1일반산업단지,거당,"전라북도 전주시 덕진구 상리로 45,  401호 (팔복동2가)",유아용 내의
122,전주제1일반산업단지,경동흥업(주)전주제1공장,전라북도 전주시 덕진구 기린대로 711 (팔복동2가),의복제조
123,전주제1일반산업단지,경동흥업(주)전주제2공장,"전라북도 전주시 덕진구 기린대로 740 (팔복동1가, (주)백양)",스타킹
124,전주제1일반산업단지,계성에너지(주),"전라북도 전주시 덕진구 신복천변로 31, 279-12 (팔복동1가)",고주파유도가열보일러등
125,전주제1일반산업단지,금미식품,전라북도 전주시 덕진구 상리1길 7 (팔복동2가),단무지 제조업
126,전주제1일반산업단지,금호기계,전라북도 전주시 덕진구 팔복동4가 364-20번지,골재및 사금선별기
127,전주제1일반산업단지,금호실업,"전라북도 전주시 덕진구 기린대로 711, 601호 (팔복동2가)",내의
128,전주제1일반산업단지,대건벤딩산업,전라북도 전주시덕진구 팔복동1가번지 279-11,철선조립제품 제조업
129,전주제1일반산업단지,대성실업,"전라북도 전주시 덕진구 구렛들3길 48, 301호 (팔복동1가, 신한봉제)",의류임가공품
130,전주제1일반산업단지,대영어패럴,"전라북도 전주시 덕진구 신복천변로 25,  2층 (팔복동1가)","팬티, 메리야스등"
131,전주제1일반산업단지,대흥정밀,"전라북도 전주시 덕진구 신복천변로 29,  외2필지 (팔복동1가)",자동차전용허브베어링
132,전주제1일반산업단지,대흥포장주식회사,전라북도 전주시 덕진구 신복천변로 29 (팔복동1가),위생종이용기
133,전주제1일반산업단지,덕일실업,전라북도 전주시덕진구 팔복동1가 269-7번지,내의류
134,전주제1일반산업단지,동서콘트롤(주),전라북도 전주시 덕진구 구렛들1길 20 (팔복동1가),"전장부품, 전자식 페달, 환기장치"
135,전주제1일반산업단지,동우ENG,"전라북도 전주시 덕진구 구렛들1길 46,  5동 (팔복동1가)",축산사료배합기 등
136,전주제1일반산업단지,드림패션,"전라북도 전주시 덕진구 구렛들3길 48, 103호 (팔복동1가, 신한봉제)",내의
137,전주제1일반산업단지,디케이(DK)산업,전라북도 전주시 덕진구 신복천변로 39 (팔복동1가),플라스틱창호
138,전주제1일반산업단지,라벨리,전라북도 전주시 덕진구 신복로 113 (팔복동1가),"아이스크림,빙과류"
139,전주제1일반산업단지,루미컴주식회사,전라북도 전주시 덕진구 상리1길 46 (팔복동2가)," IR Receiver Module(적외선 수신모듈), LED"
140,전주제1일반산업단지,마스크상사,"전라북도 전주시 덕진구 구렛들2길 53,  2층 (팔복동1가)","마스크, 방한대"
141,전주제1일반산업단지,미광식품,전라북도 전주시 덕진구 상리1길 7 (팔복동2가),떡
142,전주제1일반산업단지,미성전기제작소,"전라북도 전주시 덕진구 기린대로 800 (팔복동1가, ㈜호남식품)",수 배전반
143,전주제1일반산업단지,비투엠,전라북도 전주시 덕진구 구렛들2길 53 (팔복동1가),"상체운동기구, 벨트 워킹머신"
144,전주제1일반산업단지,사회복지법인 위훈용사복지회,"전라북도 전주시 덕진구 기린대로 711, 701호 (팔복동2가)",피복.내의.운동복.기타섬유류등
145,전주제1일반산업단지,삼일산업,"전라북도 전주시 덕진구 구렛들2길 27, 외 1필지(전주시 덕진구 구렛들2길 19(팔복동1가 263-78) (팔복동1가)",공기조절장치
146,전주제1일반산업단지,서울유리산업,전라북도 전주시 덕진구 상리1길 28 (팔복동2가),거울
147,전주제1일반산업단지,석진엔지니어링(주),전라북도 전주시 덕진구 상리2길 17 (팔복동2가) 외 1필지,지문인식도어락
148,전주제1일반산업단지,선진샤링,전라북도 전주시 덕진구 신복천변로 21 (팔복동1가),금속가공제품
149,전주제1일반산업단지,성화복층유리,전라북도 전주시 덕진구 신복천변로 17 (팔복동1가),복층유리
150,전주제1일반산업단지,신기전선(주),전라북도 전주시 덕진구 구렛들1길 28 (팔복동1가),선박용 전선일체
151,전주제1일반산업단지,신복실업,"전라북도 전주시 덕진구 구렛들3길 26-5,  2층 (팔복동1가)",메리야스
152,전주제1일반산업단지,신성기계공업사,전라북도 전주시덕진구 팔복동4가 247-4번지,곡물가공 도정기계
153,전주제1일반산업단지,신한푸드,"전라북도 전주시 덕진구 구렛들3길 50 (팔복동1가, (주)대양실업)",만두소
154,전주제1일반산업단지,아주메딕스(주),"전라북도 전주시 덕진구 구렛들3길 50 (팔복동1가, (주)대양실업)",Dr. Lax(닥터렉스)
155,전주제1일반산업단지,엠아이비(주),전라북도 전주시 덕진구 상리1길 46 (팔복동2가),칫솔
156,전주제1일반산업단지,여명실업,"전라북도 전주시 덕진구 구렛들3길 48, 101호 (팔복동1가, 신한봉제)",의류임가공품
157,전주제1일반산업단지,연호섬유,"전라북도 전주시 덕진구 기린대로 711, 702호 (팔복동2가)",유아용내의
158,전주제1일반산업단지,예성재단,"전라북도 전주시 덕진구 구렛들2길 53, 301호 (팔복동1가)",의류임가공품
159,전주제1일반산업단지,유한회사 화이트산업,"전라북도 전주시 덕진구 신복천변로 23-11, 5호 (팔복동1가)",복층유리
160,전주제1일반산업단지,인우산업(주),"전라북도 전주시 덕진구 신복천변로 31, 인우산업 (팔복동1가)",금속구조물창호제조업
161,전주제1일반산업단지,전북브레이커,전라북도 전주시 덕진구 신복로 119-10 (팔복동1가),"유압기기, 브레이커"
162,전주제1일반산업단지,전주화학,전라북도 전주시 덕진구 팔과정로 194 (팔복동4가),"ps재생원료, 스티로폼"
163,전주제1일반산업단지,제이시바이오텍,"전라북도 전주시 덕진구 구렛들3길 50, 2동 101호 (팔복동4가, (주)대양실업)",헤어에센스및 기타두발용 화장품
164,전주제1일반산업단지,주식회사 가자,"전라북도 전주시 덕진구 구렛들3길 53, 3동 (팔복동4가)","트레일러, 캠핑트레일러"
165,전주제1일반산업단지,주식회사 신성엔지니어링,전라북도 전주시 덕진구 구렛들3길 59 (팔복동4가),도정 및 농업용 기계
166,전주제1일반산업단지,주식회사 씨앤씨어패럴,전라북도 전주시 덕진구 기린대로 739 (팔복동2가),내의및잠옷
167,전주제1일반산업단지,주식회사 에스디씨,전라북도 전주시 덕진구 상리1길 51 (팔복동2가),식용얼음
168,전주제1일반산업단지,주식회사 예진전기,전라북도 전주시 덕진구 신복천변로 21 (팔복동1가),전기박스
169,전주제1일반산업단지,주식회사 오피체,전라북도 전주시 덕진구 상리2길 31 (팔복동2가),사무용의자
170,전주제1일반산업단지,카이라이팅,"전라북도 전주시 덕진구 기린대로 711, 402호 (팔복동2가)",HID젠논팸프
171,전주제1일반산업단지,케이피아이(주)전주공장,"전라북도 전주시 덕진구 기린대로 784 (팔복동1가, (주)케이피아이)","연필,볼펜,마카류"
172,전주제1일반산업단지,코튼클럽(주)전주공장,"전라북도 전주시 덕진구 구렛들2길 45 (팔복동1가, 코튼클럽 전주공장)",내의
173,전주제1일반산업단지,콘티테크플루이드코리아(유),전라북도 전주시 덕진구 구렛들1길 14 (팔복동1가),자동차용실리콘호스
174,전주제1일반산업단지,키친파트너,전라북도 전주시 덕진구 상리2길 29 (팔복동2가),업소용주방기기
175,전주제1일반산업단지,태영중공업,전라북도 전주시덕진구 팔복동1가 333-33번지,강구조물
176,전주제1일반산업단지,터보엔지니어링(주),전라북도 전주시 덕진구 기린대로 772 (팔복동1가),냉동공조시험설비외3종
177,전주제1일반산업단지,티에스플랜트(주),전라북도 전주시 덕진구 구렛들1길 46 (팔복동1가),철구조물제작
178,전주제1일반산업단지,평화레이져,전라북도 전주시 덕진구 신복로 145 (팔복동1가),"5톤 퓨셔, 모터, 브라켓트"
179,전주제1일반산업단지,평화이엔씨,전라북도 전주시 덕진구 구렛들3길 36 (팔복동1가),철강제조업
180,전주제1일반산업단지,피엠티,"전라북도 전주시 덕진구 구렛들3길 50, 2동 2층 (팔복동4가, (주)대양실업)",자동차부품
181,전주제1일반산업단지,하이트맥주(주)전주지점,전라북도 전주시 덕진구 신복천변로 39 (팔복동1가) (총 2 필지) 외 1필지,종이박스
182,전주제1일반산업단지,한라종합공업,"전라북도 전주시 덕진구 신복천변로 35,  한라종합공업 (팔복동1가)",스텐레스 물탱크 등
183,전주제1일반산업단지,현대스텐레스철강(주),전라북도 전주시 덕진구 상리1길 15 (팔복동2가),자동차 배기관 부품
184,전주제1일반산업단지,화이트유리,"전라북도 전주시 덕진구 신복천변로 23-11, 팔복동1가 267-5 (팔복동1가)",착색유리
185,전주제1일반산업단지,화진유리산업,전라북도 전주시 덕진구 상리로 45 (팔복동2가),착색유리
186,전주제1일반산업단지,훼미리식품(주),"전라북도 전주시 덕진구 팔과정로 216 (팔복동4가, 훼밀리식품(주))","버터링,에이스"
187,전주제2일반산업단지,(주)리퓨터,"전라북도 전주시 덕진구 팔과정로 20, 301호 (팔복동3가, 덕진아파트형공장)",네트워크 시스템
188,전주제2일반산업단지,(주)마르페,전라북도 전주시 덕진구 팔과정로 20 (팔복동3가) 아파트형공장 1동 4층 401-1호,"재활용 운동기기, 의료기기"
189,전주제2일반산업단지,(주)모나리자전주공장,"전라북도 전주시 덕진구 팔과정로 53 (팔복동3가, (주)모나리자)","화장지, 마스크"
190,전주제2일반산업단지,(주)미래페이퍼,"전라북도 전주시 덕진구 온고을로 384 (팔복동3가, (주)미래페이퍼) 외 1필지","화장지, 미용티슈, 키친타울"
191,전주제2일반산업단지,(주)삼양사,"전라북도 전주시 덕진구 팔복로 147 (팔복동3가, (주)삼양사 전주공장)","칩,스테이플파이버,필라멘트"
192,전주제2일반산업단지,(주)세기종합환경,"전라북도 전주시 덕진구 팔과정로 20, 4층 403-4 (팔복동3가, 덕진아파트형공장)","티타늄바이오볼,징검다리형수질정화기,인공습지,티타늄바이오볼BOX"
193,전주제2일반산업단지,(주)시영테크,"전라북도 전주시 덕진구 팔과정로 20, 5층 502-3호 (팔복동3가, 덕진아파트형공장)","실란트, 실리콘수지"
194,전주제2일반산업단지,(주)아이어스,"전라북도 전주시 덕진구 팔과정로 20,  아파트형공장 302-2호 302-2호 (팔복동3가)",직관형 LED램프
195,전주제2일반산업단지,(주)오르테크,"전라북도 전주시 덕진구 팔과정로 20, 전주아파트형공장 302-1 (팔복동3가)",원적외선 건조장치
196,전주제2일반산업단지,(주)오성,"전라북도 전주시 덕진구 팔과정로 18,  109호 (팔복동3가)",내의
197,전주제2일반산업단지,(주)인텍,"전라북도 전주시 덕진구 팔과정로 20, 1층 102-1호 (팔복동3가, 덕진아파트형공장)",기타의료기기제조업외2종
198,전주제2일반산업단지,(주)지오다임,"전라북도 전주시 덕진구 팔과정로 20, 404호 (팔복동3가)",썬모아플러스
199,전주제2일반산업단지,(주)티그리스코리아,전라북도 전주시 덕진구 팔과정로 20 (팔복동3가) 1동 3층 303-1호,"보건용 마스크(KF80, KF94), 비말용 마스크"
200,전주제2일반산업단지,(주)플렉스폼코리아,"전라북도 전주시 덕진구 서귀로 77 (팔복동3가, 가온전선(주))","자동차내,외장재"
201,전주제2일반산업단지,(주)휴데코,전라북도 전주시 덕진구 팔과정로 20 (팔복동3가) 아파트형공장 1동 1층,"간판, 광고물, 금속가구, 광고용조명장치, 스크린도어, 금속표지판, 마스크 "
202,전주제2일반산업단지,(주)휴먼드림,"전라북도 전주시 덕진구 팔과정로 20, 4층 403-1, 403-2, 403-3 (팔복동3가, 덕진아파트형공장)",고주파 피부미용기기
203,전주제2일반산업단지,가온전선(주)전주공장,"전라북도 전주시 덕진구 서귀로 77 (팔복동3가, 가온전선(주))",통신케이블
204,전주제2일반산업단지,농업회사법인 렛츠팜 (주),"전라북도 전주시 덕진구 팔과정로 20, 3층 301 (팔복동3가, 덕진아파트형공장)","데스크톱 컴퓨터, 식물재배기"
205,전주제2일반산업단지,디앤피기획,"전라북도 전주시 덕진구 팔과정로 20, 5층 501-2 (팔복동3가, 덕진아파트형공장)",인쇄물제책 및 홍보물
206,전주제2일반산업단지,라이콘,"전라북도 전주시 덕진구 팔과정로 20, 5층 503-1 (팔복동3가, 덕진아파트형공장)",터널조명자동제어기
207,전주제2일반산업단지,마르페,"전라북도 전주시 덕진구 팔과정로 20, 3층 302-2 (팔복동3가, 덕진아파트형공장)","재활용운동기기,의료기기"
208,전주제2일반산업단지,부성 하이테크,"전라북도 전주시 덕진구 팔과정로 20, 1층 102-2 (팔복동3가, 덕진아파트형공장)",차량판독기
209,전주제2일반산업단지,비전실업,"전라북도 전주시 덕진구 팔과정로 20, 3층 303 (팔복동3가, 덕진아파트형공장)",내의 및 잠옷
210,전주제2일반산업단지,비티에스 유한회사,"전라북도 전주시 덕진구 팔과정로 20, 1층 102-2 (팔복동3가, 덕진아파트형공장)","CCTV, 통신설비"
211,전주제2일반산업단지,삼양화성(주),"전라북도 전주시 덕진구 온고을로 376 (팔복동3가, 삼양화성(주))","폴리카보네이트 수지, 디 알카리"
212,전주제2일반산업단지,셰플러코리아(유),"전라북도 전주시 덕진구 팔과정로 17 (팔복동3가, 셰플러코리아 전주공장)",베어링
213,전주제2일반산업단지,제논전장(주),"전라북도 전주시 덕진구 팔과정로 20 (팔복동3가, 덕진아파트형공장) 2층 201호 외 1필지",자동차 발전기용 전압조정기
214,전주제2일반산업단지,주식회사 라쉬반코리아,"전라북도 전주시 덕진구 팔과정로 20, 3층 305 (팔복동3가, 덕진아파트형공장)",속옷 및 잠옷
215,전주제2일반산업단지,주식회사 레인보우포켓,"전라북도 전주시 덕진구 팔과정로 20, 5층 501-1 (팔복동3가, 덕진아파트형공장)",전시 및 광고용 조명장치
216,전주제2일반산업단지,트라웍스(주),"전라북도 전주시 덕진구 팔과정로 20, 5층 503-2 (팔복동3가, 덕진아파트형공장)","영상감시장치, 차량번호판독시스템"
217,전주친환경첨단복합일반산업단지(1단계),(유)고은미트,전라북도 전주시 덕진구 운암로 35-6 (팔복동2가),"돈육,우육(냉동),계육(냉동)"
218,전주친환경첨단복합일반산업단지(1단계),(유)주왕산업,전라북도 전주시 덕진구 팔복로 190 (팔복동2가),"수배전반, 전시및광고용조명장치, 신재생에너지(태양광)"
219,전주친환경첨단복합일반산업단지(1단계),(유)하이하우징,전라북도 전주시 덕진구 원만성로 106 (팔복동2가) 창업보육센터 205호,발열해먹
220,전주친환경첨단복합일반산업단지(1단계),(재)전주탄소기술원(초경량대형육박),"전라북도 전주시 덕진구 반룡로 110-11 (팔복동2가, 전주기계탄소기술원)","기계,자동차부품"
221,전주친환경첨단복합일반산업단지(1단계),(주)그룬,전라북도 전주시 덕진구 원만성로 109 (팔복동2가),환경기자재및플랜트.여과기 정수설비외
222,전주친환경첨단복합일반산업단지(1단계),(주)나들 (Nadeul),"전라북도 전주시 덕진구 원만성로 106, 한국탄소융합기술원 창업보육센터 204호 (팔복동2가)",탄소발열조끼
223,전주친환경첨단복합일반산업단지(1단계),(주)네프,전라북도 전주시 덕진구 팔복동2가 838-7번지,ESS. 소형발전기. DC스위치. 감시센서
224,전주친환경첨단복합일반산업단지(1단계),(주)네프,전라북도 전주시 덕진구 팔복로 200 (팔복동2가),ESS. 환경감시센서 등
225,전주친환경첨단복합일반산업단지(1단계),(주)넥스트웨이브,전라북도 전주시 덕진구 반룡로 85 (팔복동2가),회전성형품/모션시스템
226,전주친환경첨단복합일반산업단지(1단계),(주)넥스트웨이브,전라북도 전주시 덕진구 반룡로 85 (팔복동2가),"물탱크, 오일탱크, 부력재"
227,전주친환경첨단복합일반산업단지(1단계),(주)대경산전,"전라북도 전주시 덕진구 팔복로 200, 1동 (팔복동2가)",수배전반
228,전주친환경첨단복합일반산업단지(1단계),(주)더원,"전라북도 전주시 덕진구 반룡로 76, 102호 (팔복동2가)",u자형 boom
229,전주친환경첨단복합일반산업단지(1단계),(주)데크카본,전라북도 전주시 덕진구 운암로 30,"항공기, 자동차 탄소복합재 부품"
230,전주친환경첨단복합일반산업단지(1단계),(주)데크프리폼,"전라북도 전주시 덕진구 운암로 30, 2동 1,2층 (팔복동2가)",탄소프리폼
231,전주친환경첨단복합일반산업단지(1단계),(주)소이빈바이오,전라북도 전주시 덕진구 원만성로 119 (팔복동2가),"두부, 된장, 고추장등"
232,전주친환경첨단복합일반산업단지(1단계),(주)쓰리윈,"전라북도 전주시 덕진구 원만성로 106, 한국탄소융합기술원 창업보육센터 202호 (팔복동2가)",전력분전반
233,전주친환경첨단복합일반산업단지(1단계),(주)아이에스피,"전라북도 전주시 덕진구 원만성로 109, 1층 (팔복동2가)","유해물질분석기, 도금두께측정기"
234,전주친환경첨단복합일반산업단지(1단계),(주)아이즈텍,"전라북도 전주시 덕진구 원만성로 106, 탄소융합부품소재창보센타 207호 (팔복동2가)","신재생에너지 가로등용 LED조명등,콘트롤러"
235,전주친환경첨단복합일반산업단지(1단계),(주)안전정밀,전라북도 전주시 덕진구 팔복로 208 (팔복동2가),"베어링, 하우징"
236,전주친환경첨단복합일반산업단지(1단계),(주)어드밴스드웨이브,전라북도 전주시 덕진구 원만성로 112 (팔복동2가),순간정전보상장치
237,전주친환경첨단복합일반산업단지(1단계),(주)에이에프에프씨,전라북도 전주시 덕진구 반룡로 50 (팔복동2가),"eat frame, Sunshade molding, Sunshade, Prepreg, Pad 등"
238,전주친환경첨단복합일반산업단지(1단계),(주)에이치지솔루션,"전라북도 전주시 덕진구 원만성로 106, 305, 601호 (팔복동2가)",탄소섬유응용제품
239,전주친환경첨단복합일반산업단지(1단계),(주)엘지에스,전라북도 전주시 덕진구 운암로 16 (팔복동2가),반도체웨이퍼
240,전주친환경첨단복합일반산업단지(1단계),(주)엘티씨,전라북도 전주시 덕진구 팔복로 220 (팔복동2가),향공기 및 터보기기
241,전주친환경첨단복합일반산업단지(1단계),(주)엠파워,"전라북도 전주시 덕진구 원만성로 106, 탄소융합부품소재 창업보육센터 1동 1층 106호 (팔복동2가)",연료전지
242,전주친환경첨단복합일반산업단지(1단계),(주)올릭스,전라북도 전주시 덕진구 반룡로 69 (팔복동2가),다이오드트랜지스터
243,전주친환경첨단복합일반산업단지(1단계),(주)옵토웰,전라북도 전주시 덕진구 반룡로 42 (팔복동2가),광반도체 다디오드
244,전주친환경첨단복합일반산업단지(1단계),(주)카본디자인,"전라북도 전주시 덕진구 원만성로 106, 105호(창업보육센터) (팔복동2가)",조형물 및 모형물
245,전주친환경첨단복합일반산업단지(1단계),(주)케비젠,전라북도 전주시 덕진구 반룡로 62 (팔복동2가),"건강기능성식품,화장품제조업"
246,전주친환경첨단복합일반산업단지(1단계),(주)케이지에프,전라북도 전주시 덕진구 팔복동2가 835-10번지,탄소섬유 직물 및 성형품
247,전주친환경첨단복합일반산업단지(1단계),근영하이테크,전라북도 전주시 덕진구 반룡로 77 (팔복동2가),자동차및 농기계부품
248,전주친환경첨단복합일반산업단지(1단계),농업회사법인 주식회사 우리푸디스,전라북도 전주시 덕진구 원만성로 119 (팔복동2가),"두부, 묵, 청국장"
249,전주친환경첨단복합일반산업단지(1단계),마스크상사,전라북도 전주시 덕진구 운암로 16 (팔복동2가),보건용마스크
250,전주친환경첨단복합일반산업단지(1단계),모던메탈,전라북도 전주시 덕진구 반룡로 71 (팔복동2가),"핸드레일, 난간대"
251,전주친환경첨단복합일반산업단지(1단계),비나텍(주),전라북도 전주시 덕진구 운암로 15 (팔복동2가),SUPER- CAPACITOR
252,전주친환경첨단복합일반산업단지(1단계),씨-크래프트,"전라북도 전주시 덕진구 원만성로 106, 창업보육센터 211호 (팔복동2가)",드론
253,전주친환경첨단복합일반산업단지(1단계),유한회사 경신모터스,전라북도 전주시 덕진구 팔복동2가 830-3번지,자동자종합수리업
254,전주친환경첨단복합일반산업단지(1단계),유한회사 근영하이테크,전라북도 전주시 덕진구 반룡로 77 (팔복동2가),금속판재 절단 가공품
255,전주친환경첨단복합일반산업단지(1단계),음향컨설팅그룹라라(주),"전라북도 전주시 덕진구 원만성로 106, 창업보육센터 204호 (팔복동2가)","폴리에스터, 활성탄소"
256,전주친환경첨단복합일반산업단지(1단계),제이-테크,전라북도 전주시 덕진구 원만성로 132 (팔복동2가),기계부품
257,전주친환경첨단복합일반산업단지(1단계),제일기계산업,전라북도 전주시 덕진구 원만성로 134 (팔복동2가),유압실린더
258,전주친환경첨단복합일반산업단지(1단계),조이큐브,전라북도 전주시 덕진구 반룡로 85 (팔복동2가),모션시스템
259,전주친환경첨단복합일반산업단지(1단계),주식회사 지엔콤,"전라북도 전주시 덕진구 기린대로 881, 지하2호실 (팔복동2가)",영상감시장치. 원격제어장치
260,전주친환경첨단복합일반산업단지(1단계),주식회사 카본엑트,"전라북도 전주시 덕진구 원만성로 106, 한국탄소융합기술원 창업보육센터 104호 (팔복동2가)",탄소 발열선을 이용한 결빙 방지 매트
261,전주친환경첨단복합일반산업단지(1단계),지오레이저,전라북도 전주시 덕진구 반룡로 76 (팔복동2가),레이저 마킹기
262,전주친환경첨단복합일반산업단지(1단계),카본플레이(주),"전라북도 전주시 덕진구 원만성로 106, 창업보육센터 317호 (팔복동2가)",탄소 전자 해금
263,전주친환경첨단복합일반산업단지(1단계),트라웍스 주식회사,전라북도 전주시 덕진구 기린대로 881 (팔복동2가),영상감지장치
264,전주친환경첨단복합일반산업단지(1단계),한국에이씨엠,전라북도 전주시 덕진구 반룡로 88 (팔복동2가),SMC.SHEET열경화성수지등
265,전주친환경첨단복합일반산업단지(3-1단계),한일섬유,전라북도 전주시 덕진구 기린대로 880 (동산동),내의류
266,전주친환경첨단복합일반산업단지(3-1단계),효성첨단소재(주) 전주공장,전라북도 전주시 덕진구 기린대로 886 (동산동) 외 4필지,탄소섬유
267,완산 개별입지, 주식회사 삼경테크 이엔지,"전라북도 전주시 완산구 산월2길 28, 2층 (중화산동2가)","전력보호감시장치,PC서버제조"
268,완산 개별입지,(사)성원근로장애인협회 중앙사업단,전라북도 전주시 완산구 거마평로 236 (효자동3가),인쇄물
269,완산 개별입지,(유) 맛디자인,전라북도 전주시 완산구 춘향로 5237 (대성동),김치
270,완산 개별입지,(유) 애드미디어,"전라북도 전주시 완산구 서신천변5길 16, 1층 (서신동)",전광판
271,완산 개별입지,(유) 열린커뮤니케이션즈,전라북도 전주시 완산구 하거마1길 5 (삼천동1가),인쇄물
272,완산 개별입지,(유) 지에스산전,"전라북도 전주시 완산구 천잠로 235, 실습동 4211호 (효자동2가, 전주비전대학)",인버터(1KW)
273,완산 개별입지,(유)가나광고애드컴,전라북도 전주시 완산구 중인1길 43 (중인동),간판. 광고물
274,완산 개별입지,(유)건일시앤시,전라북도 전주시 완산구 중산9길 3-7 (중화산동2가),"CCTV, 스피커"
275,완산 개별입지,(유)까치종합광고디자인기획,전라북도 전주시 완산구 난전들로 139-47 (평화동3가) 외 2필지,광고판. 간판
276,완산 개별입지,(유)대성닥트,전라북도 전주시 완산구 구이로 1841-12 (석구동),"송풍기,환풍기,배기장치 금속배관"
277,완산 개별입지,(유)동건홀딩스,전라북도 전주시 완산구 맏내2길 19-6 (평화동2가),양념 돈육
278,완산 개별입지,(유)동남산업,전라북도 전주시 완산구 콩쥐팥쥐로 1693 (효자동3가),"광고물, 간판, 자전거 보관대"
279,완산 개별입지,(유)드림테크,"전라북도 전주시 완산구 서곡3길 4-31 (효자동3가, 화승빌라)",cc카메라. 구내방송장치(스피커등)
280,완산 개별입지,(유)무지개광고조명,"전라북도 전주시 완산구 평화11길 5, 1층 (평화동2가)",간판 및 광고물
281,완산 개별입지,(유)바움,전라북도 전주시 완산구 구이로 1999 (평화동3가),일반가구.조각.안내판
282,완산 개별입지,(유)봉춘식품,전라북도 전주시 완산구 용와길 4-56 (평화동3가),물반죽
283,완산 개별입지,(유)비에이치바이오,전라북도 전주시 완산구 고사평3길 8 (서신동),"천연비누, 천연화장품"
284,완산 개별입지,(유)비츠,전라북도 전주시 완산구 인정로 8 (중화산동2가),"CCTV, 방송장비, 전광판,음향기기"
285,완산 개별입지,(유)서은옥푸드,전라북도 전주시 완산구 태진로 44-9 (태평동),빵.쿠키
286,완산 개별입지,(유)세계로냉동상사,전라북도 전주시 완산구 태진로 10 (태평동),(냉동냉장기계)4RT미만
287,완산 개별입지,(유)세종커튼장식,전라북도 전주시 완산구 효자동3가 1137-2번지,커튼
288,완산 개별입지,(유)신양물산,"전라북도 전주시 완산구 백제대로 160,  거성소라아파트 상가동 지하1층 (효자동1가)",성인 및 유아복 내의
289,완산 개별입지,(유)아이엘에스 제2공장,전라북도 전주시 완산구 쑥고개로 363 (효자동2가),LED 조명
290,완산 개별입지,(유)아이엘에스 효자동지점,전라북도 전주시 완산구 쑥고개로 363-17 (효자동2가),조명기구
291,완산 개별입지,(유)약수식품,전라북도 전주시 완산구 정동길 22-99 (삼천동2가),구운소금
292,완산 개별입지,(유)은혜식품 농업회사법인,전라북도 전주시 완산구 난전들로 156-60 (평화동3가),포장육(돈육)
293,완산 개별입지,(유)일오삼광고기획 전주지점,전라북도 전주시 완산구 화산천변3길 19-6 (중화산동2가),간판 및 광고물
294,완산 개별입지,(유)전주송원가구백화점,전라북도 전주시 완산구 쑥고개로 242-18 (효자동2가),목재가구
295,완산 개별입지,(유)제이비이노베이션,전라북도 전주시 완산구 용산마을길 53-21 (삼천동2가),원터치 안전삼각대
296,완산 개별입지,(유)태성이앤씨,전라북도 전주시 완산구 중평길 36 (평화동3가),금속문.창.샤터 및 관련제품
297,완산 개별입지,(유)한진엔지니어링,전라북도 전주시 완산구 대동로 26-1 (다가동4가),"완제품(계장,프로센스제어반,MCC제어반,배전반)"
298,완산 개별입지,(주) 다빈치광고기획,전라북도 전주시 완산구 어은로 18-7 (중화산동2가),"안전간판, 현수막,인쇄물,안전용품"
299,완산 개별입지,(주) 아람솔루션,"전라북도 전주시 완산구 홍산북로 60-10, 다옴빌딩 2층 (효자동3가)","무선모듈, 비센, 환경센서"
300,완산 개별입지,(주) 유비코스,"전라북도 전주시 완산구 신촌4길 16, 201호 (중화산동2가)","소프트웨어,버스정보안내장치"
301,완산 개별입지,(주) 한국페이퍼,전라북도 전주시 완산구 백제대로 246 (중화산동2가),종이인쇄물
302,완산 개별입지,(주) 해일정보,전라북도 전주시 완산구 마전중앙로 21 (효자동3가),데이타 포토장치
303,완산 개별입지,(주)건일정보통신,전라북도 전주시 완산구 전룡로 58 (서신동),보안용 카메라 주변기기
304,완산 개별입지,(주)경일산업,"전라북도 전주시 완산구 천잠로 235, 봉사관 4층 3407호(창업보육센터) (효자동2가, 전주비전대학)",엘이디 조명등 기구
305,완산 개별입지,(주)글로벌백,전라북도 전주시 완산구 구이로 2034 (평화동3가),"부직포가방, 팬티, 보자기, 봉제제품 등"
306,완산 개별입지,(주)나노,"전라북도 전주시 완산구 천잠로 235, 봉사관 3415호 (효자동2가, 전주비전대학)",제어기 및 컬트럴롤러
307,완산 개별입지,(주)농업회사법인 온드림,전라북도 전주시 완산구 맏내2길 19-8 (평화동2가),장류
308,완산 개별입지,(주)다담,전라북도 전주시 완산구 메너머3길 13-12 (중화산동2가),가금류 신선육
309,완산 개별입지,(주)대원푸드시스템,전라북도 전주시 완산구 호동길 49-2 (삼천동3가),돼지머리고기(두내장)
310,완산 개별입지,(주)동서엔지니어링,전라북도 전주시 완산구 구덕마을길 7 (용복동),"CC카메라,구내방송장치 등"
311,완산 개별입지,(주)디에스티홀릭,"전라북도 전주시 완산구 천잠로 235, 미래관 1층 9103호 (효자동2가, 전주비전대학)","LED조명, 플랜트(식물)"
312,완산 개별입지,(주)비젼웨이브,전라북도 전주시 완산구 중인3길 10 (중인동),"디지탈영상전송장치, DVR, 비상경보기"
313,완산 개별입지,(주)샤뽀,"전라북도 전주시 완산구 전동성당길 8,  3층 (경원동1가)",모자
314,완산 개별입지,(주)샤인라이트,전라북도 전주시 완산구 원서곡길 3 (효자동3가),"LED경관조명,LED수중조명,LED투광조명"
315,완산 개별입지,(주)세아조경개발,전라북도 전주시 완산구 월선길 12-7 (삼천동3가),조경시설물(어린이놀이시설)
316,완산 개별입지,(주)소유브랜딩,"전라북도 전주시 완산구 천잠로 303, 113동 114동 벤처창업관 (효자동2가, 전주대학교)",노트/메모지/카드/엽서/캘린더 등 디자인문구제품
317,완산 개별입지,(주)씨티정보통신,"전라북도 전주시 완산구 백제대로 413, 3층 서진빌딩 (서신동)","전광판,방송장비.cctv영상정보통신장비"
318,완산 개별입지,(주)아이니푸드,전라북도 전주시 완산구 난전들로 156-25 (평화동3가),김. 부각
319,완산 개별입지,(주)온고을,"전라북도 전주시완산구 효자동3가 1200번지 전주대창업보육센터 105,106호","황토침구, 내의, 의류"
320,완산 개별입지,(주)와우시스템,"전라북도 전주시 완산구 천잠로 303, 본관 112호 (효자동2가, 전주대학교)","습식형 미세먼지 공기정화 시스템"
321,완산 개별입지,(주)유아이디,"전라북도 전주시 완산구 천잠로 235, 미래관 9101호 창업보육지원센터 (효자동2가, 전주비전대학)",LED조명.플랜트(식물)
322,완산 개별입지,(주)이엔이,"전라북도 전주시 완산구 천잠로 303, 전주대학교 창업보육센터 108호 (효자동2가)","이엔수, 독립전원전기방식시스템, 전기방식전위측정전극유니트 등"
323,완산 개별입지,(주)전주제과,전라북도 전주시 완산구 쑥고개로 365 (효자동2가),빵.과자
324,완산 개별입지,(주)정일테크,전라북도 전주시완산구 효자동3가 1352번지,차량부품
325,완산 개별입지,(주)조이에프앤비,"전라북도 전주시 완산구 메너머4길 47 (중화산동2가, (유)남노프렌차이즈)",양념돈육
326,완산 개별입지,(주)지우이노베이션,"전라북도 전주시 완산구 천잠로 303, 벤처창업관 208, 209호 (효자동2가, 전주대학교)",기체여과기 및 기타 전기 변환장치
327,완산 개별입지,(주)천하통신기술,"전라북도 전주시 완산구 인정2길 12-4 (중화산동2가, 전북노회회관)","CCTV, 스피커, 앰프 등"
328,완산 개별입지,(주)첫눈,"전라북도 전주시 완산구 바우배기2길 23, 3층 이지빌딩 (효자동2가)","UBm-100, probe-chprobe-cm, probe-cL"
329,완산 개별입지,(주)캐리어플랜트,전라북도 전주시 완산구 메너머3길 29-4 (중화산동2가),산업용 냉동기 유니트 등
330,완산 개별입지,(주)타바바,"전라북도 전주시 완산구 천잠로 303, 211호 벤처창업관 (효자동2가, 전주대학교)",퍼스널모빌리티. 스마트가방
331,완산 개별입지,(주)한별,전라북도 전주시 완산구 메너머3길 13-12 (중화산동2가),"식육(닭고기), 육가공 포장"
332,완산 개별입지,G.D 사인,전라북도 전주시 완산구 안행로 75 (효자동1가),간판및광고물
333,완산 개별입지,GEO-tech,"전라북도 전주시 완산구 천잠로 303, 벤처창업관 109호 (효자동2가, 전주대학교)",철판모형재단
334,완산 개별입지,가람유리샷시,전라북도 전주시 완산구 모과길 5 (삼천동3가),복층유리
335,완산 개별입지,고궁한지,"전라북도 전주시 완산구 흑석1길 48 (서서학동, 궁전한지공장)",한지
336,완산 개별입지,광성칼라인쇄서,"전라북도 전주시 완산구 동문길 46 (풍남동1가, 광성칼라)",인쇄물
337,완산 개별입지,광진인쇄사,전라북도 전주시 완산구 현무3길 78 (서노송동),인쇄
338,완산 개별입지,글로벌메디컬주식회사,"전라북도 전주시 완산구 천잠로 235, 봉사관 3309호  (효자동2가, 전주비전대학)",화장품
339,완산 개별입지,글로벌코리아(주),"전라북도 전주시 완산구 천잠로 235, 미래관 9203 (효자동2가, 전주비전대학)",위생 양변기
340,완산 개별입지,금강,전라북도 전주시완산구 삼천동3가 3-6번지,금속제품
341,완산 개별입지,금화상사,"전라북도 전주시 완산구 현무3길 9-5, 2층 (경원동3가)","단체복,체육복,유니폼"
342,완산 개별입지,나노네이처펫,"전라북도 전주시 완산구 평화2길 13-1, 1층 (평화동2가)",애견용 세정제
343,완산 개별입지,나무간판조각,전라북도 전주시 완산구 전주천동로 196 (다가동2가),"조경시설물, 나무간판, 목간판, 목공예, 사무용가구"
344,완산 개별입지,남선알미늄전북총판,전라북도 전주시 완산구 콩쥐팥쥐로 1704 (효자동3가),철문
345,완산 개별입지,남양공조시스템,전라북도 전주시 완산구 평화동3가 251-5번지,랑간대. 선반. 다이
346,완산 개별입지,농업회사법인 (유)귀농해,전라북도 전주시 완산구 중산5길 8-14 (중화산동2가),"귀농해깍두기,절임배추,포기김치"
347,완산 개별입지,농업회사법인 위대한밥상 주식회사,전라북도 전주시 완산구 난전들로 219-55 (평화동3가),"도식락, 급식"
348,완산 개별입지,농업회사법인 유한회사 농정심,전라북도 전주시 완산구 호동길 49-15 (삼천동3가),"밥도그,매실엑기스,오일소스 등"
349,완산 개별입지,농업회사법인 주식회사 여유온,전라북도 전주시 완산구 난전들로 140-12 (평화동3가),누룽지
350,완산 개별입지,농업회사법인 한국오가닉 주식회사,전라북도 전주시 완산구 난전들로 220-116 (평화동2가),식물성유지류
351,완산 개별입지,농업회사법인(유)다일,전라북도 전주시 완산구 능안자구길 82 (삼천동3가),축산물포장
352,완산 개별입지,농업회사법인(유)에브라임코리아,전라북도 전주시 완산구 천잠로 185 (효자동2가),양곡 및 미곡
353,완산 개별입지,농업회사법인(유)오갓집김치,전라북도 전주시 완산구 팔달로 143-6 (전동),김치류
354,완산 개별입지,농업회사법인(유)청명푸드,전라북도 전주시 완산구 모악산자락길 39 (중인동),돼지및 소부위별 진공포장품
355,완산 개별입지,농업회사법인(주) 장원에프엔씨,전라북도 전주시 완산구 평화동2가 722-2번지,"황물엿, 황미유, 볶음참깨"
356,완산 개별입지,다나앙 화장품,"전라북도 전주시 완산구 거마중앙로 21 (삼천동1가, 루디아뜨게방)",바디케어미스트
357,완산 개별입지,다솜미트,전라북도 전주시 완산구 용와길 4-28 (평화동3가),육류
358,완산 개별입지,대건인쇄문화사,"전라북도 전주시 완산구 영경1길 25,  우성근영아파트상가 2 105호 (중화산동2가)",인쇄
359,완산 개별입지,대광출판사,전라북도 전주시 완산구 메너머1길 22 (중화산동2가),인쇄
360,완산 개별입지,대림ENG,전라북도 전주시 완산구 삼천동3가 190-2번지,"금속 문 및 관련제품, 건축용 금속 부자재"
361,완산 개별입지,대성사,전라북도 전주시 완산구 현무3길 67 (경원동3가),인쇄
362,완산 개별입지,대성전력 주식회사,전라북도 전주시 완산구 삼산길 27 (삼천동3가),태양광발전장치
363,완산 개별입지,대승종합상사,전라북도 전주시 완산구 중산중앙로 37 (중화산동2가),"도어, 방충망"
364,완산 개별입지,대신네트웍스주식회사,"전라북도 전주시 완산구 천잠로 472, 201호 (효자동3가)","cctv,통합배선반"
365,완산 개별입지,대웅공예사,전라북도 전주시 완산구 객원길 3-28 (대성동),"목,죽공예품"
366,완산 개별입지,도꼼도예,전라북도 전주시 완산구 우림로 967 (삼천동2가) 외 1필지,도자기
367,완산 개별입지,도형스카시,전라북도 전주시 완산구 전라감영2길 27 (다가동3가),"인쇄. 출력.아크릴임가공 및 레이저  CNC가공CNC가공"
368,완산 개별입지,동아산업,전라북도 전주시 완산구 석구동 234-18번지,금속조립구조재
369,완산 개별입지,동암자활자립장,"전라북도 전주시 완산구 천잠로 275, 2층 (효자동3가, 동암재활원)",두부류
370,완산 개별입지,동원특수음향,전라북도 전주시 완산구 평화17길 6-3 (평화동1가) 외 1필지,"음향,영상기기"
371,완산 개별입지,동진씽크,전라북도 전주시 완산구 난전들로 35 (평화동3가),주방용목재가구
372,완산 개별입지,두메산골 영농조합법인,전라북도 전주시 완산구 능안자구길 53 (삼천동3가) (총 2 필지) 외 1필지,"육계가공, 양념육"
373,완산 개별입지,디앤에스 주식회사,"전라북도 전주시 완산구 천잠로 303, 본관 133호 (효자동2가, 전주대학교)","갈치 양승기,  선박어업용 기기"
374,완산 개별입지,디자인닷컴,"전라북도 전주시 완산구 현무2길 40-4 (경원동3가, 다성국악원)","인쇄물, 광고판촉물"
375,완산 개별입지,디자인맑음,전라북도 전주시 완산구 태진로 16 (태평동) 1층,간판 및 광고물
376,완산 개별입지,마이문화당,전라북도 전주시 완산구 현무2길 24 (경원동3가) (총 2 필지) 외 1필지,청첩장 대지
377,완산 개별입지,매클리어,"전라북도 전주시 완산구 우전2길 44, 3층 (효자동2가)",수냉식 내연기관 냉각수 첨가제
378,완산 개별입지,명성인쇄사,전라북도 전주시 완산구 현무2길 67 (경원동3가),인쇄
379,완산 개별입지,미락외식산업,전라북도 전주시 완산구 정동길 13 (삼천동2가),도시락부페
380,완산 개별입지,미즈,전라북도 전주시 완산구 흑석로 19-8 (서서학동),유아복
381,완산 개별입지,미진 LED 광고,전라북도 전주시 완산구 맏내2길 6-7 (평화동2가),광고물
382,완산 개별입지,민속공예사,전라북도 전주시 완산구 객원길 3-14 (대성동),태극선
383,완산 개별입지,보석창호산업,전라북도 전주시 완산구 쑥고개로 196-69 (삼천동3가),"플라스틱창호,복층유리"
384,완산 개별입지,블루텍 유한회사,전라북도 전주시 완산구 효자동3가 1639-7번지 1층,"전자부품, 통신장비"
385,완산 개별입지,비엠에스,"전라북도 전주시 완산구 천잠로 303, 309호(벤처창업관) (효자동2가, 전주대학교)","BLDC 모터(전동기), 기기용 제조창지"
386,완산 개별입지,사회복지법인 월남참전전우회,"전라북도 전주시 완산구 거마평로 147-11, 지하층 (효자동1가, 삼성효자맨션)",군 의류
387,완산 개별입지,새한커텐상사,전라북도 전주시 완산구 중화산로 111 (중화산동2가),"커텐,전동무대막"
388,완산 개별입지,서동푸드협동조합,전라북도 전주시 완산구 장승배기8길 10-10 (서서학동),전통한과
389,완산 개별입지,성한 주식회사,전라북도 전주시 완산구 중산10길 13 (중화산동2가) 2층 (남동방향),자동제어장치
390,완산 개별입지,소담디자인,"전라북도 전주시 완산구 동문길 58 (풍남동1가, 덕다방)",인쇄물
391,완산 개별입지,송원액자,전라북도 전주시 완산구 산월2길 38 (중화산동2가),액자
392,완산 개별입지,신아출판사,전라북도 전주시 완산구 공북1길 16 (태평동),"인쇄,출판"
393,완산 개별입지,싱싱코리아,전라북도 전주시 완산구 정동길 22-27 (삼천동2가),함초환. 함초액
394,완산 개별입지,씨디엘,"전라북도 전주시 완산구 난전들로 220-116, 103호 (평화동2가)","탄소악기케이스, 탄소응용제품 등"
395,완산 개별입지,아이사랑 안전솔루션,전라북도 전주시 완산구 공북로 74 (태평동),어린이교통 안전학습판
396,완산 개별입지,애드칼라,전라북도 전주시 완산구 전주객사2길 49 (다가동4가),"LED간판, LED전광판"
397,완산 개별입지,에스제이(주),전라북도 전주시 완산구 원신덕길 85 (용복동),"LED조명, SMPS, 역전압 방지 접속판, 전자부품 실장기판"
398,완산 개별입지,엘엘기업,전라북도 전주시 완산구 호동길 49-14 (삼천동3가),플라스틱 창호
399,완산 개별입지,엘이디에코텍 주식회사,전라북도 전주시 완산구 전룡로 63-1 (서신동),LED를 이용한 조명장치
400,완산 개별입지,영록팜,"전라북도 전주시 완산구 천잠로 303, 137호(전주대학교 본관 창업보육센터) (효자동2가, 전주대학교)",제료용 사료
401,완산 개별입지,영진공예,"전라북도 전주시 완산구 객원길 3-1 (대성동, 전주태극선)",합죽선
402,완산 개별입지,오감기획,전라북도 전주시 완산구 배학4길 3-3 (효자동3가),인쇄물
403,완산 개별입지,오케이냉동,전라북도 전주시 완산구 태진로 62 (태평동),냉동기
404,완산 개별입지,온누리에스엠(주),전라북도 전주시 완산구 정여립로 688-9 (상림동),컨테이너하우스
405,완산 개별입지,완전정보통신(주),전라북도 전주시 완산구 하거마2길 22-4 (삼천동1가),파워앰프
406,완산 개별입지,원창주식회사,"전라북도 전주시 완산구 선너머로 36,  3층 (중화산동2가)",LED조명기구
407,완산 개별입지,웰푸트,"전라북도 전주시 완산구 서곡1길 1-6, 1층 (효자동3가, 엄마가)",모시잎(파우더)
408,완산 개별입지,위스(WIS),"전라북도 전주시 완산구 천잠로 303, 전주대학교 본관 창업보육센터 151호 (효자동2가)",자동소화재떨이
409,완산 개별입지,유명사,전라북도 전주시 완산구 태평2길 12 (태평동),옥외광고물.광고간판.간판틀.LED조명장치.광고채널.실사출력
410,완산 개별입지,유명창호,전라북도 전주시 완산구 쑥고개로 284-61 (효자동2가),"알루미늄창호,절단 및 제작납품"
411,완산 개별입지,유한회사 거성,전라북도 전주시 완산구 서원로 198 (효자동1가),"케텐, 롤업셰이드,무대장비"
412,완산 개별입지,유한회사 금성기업,"전라북도 전주시 완산구 춘향로 5309, (유)금성기업 (대성동)",에이치빔 가공품
413,완산 개별입지,유한회사 다온환경,전라북도 전주시 완산구 서곡4길 29 (효자동3가) 1층,비점오염저감시설용채수시스템
414,완산 개별입지,유한회사 데코블라인드,"전라북도 전주시 완산구 거마평로 104, 2층, 지하1층 (삼천동1가)",블라인드
415,완산 개별입지,유한회사 동창씨앤티,전라북도 전주시 완산구 맏내2길 13-6 (평화동2가),"볶은커피(원두커피), 믹스커피"
416,완산 개별입지,유한회사 드림티앤아이,"전라북도 전주시 완산구 우전2길 44, 402호 (효자동2가)",디자인형울타리
417,완산 개별입지,유한회사 디앤디 (D&D),"전라북도 전주시 완산구 모악로 4651-12, 101호, 지하 (평화동2가)","유아동의류,성인의류,기타 봉제품"
418,완산 개별입지,유한회사 린캔들라이트,전라북도 전주시 완산구 전룡로 8 (서신동),"IOT 데이터 로거, 자료수집장치, 종합계측기"
419,완산 개별입지,유한회사 세인,"전라북도 전주시 완산구 쑥고개로 196-42, 1층 102호 (삼천동3가)",축산물 돼지 부분육
420,완산 개별입지,유한회사 셋토퍼,"전라북도 전주시 완산구 천잠로 235, 미래관 9106호 (효자동2가, 전주비전대학)",셋톱박스설치브라켓/전원자동제어장치/LED경관조명장치
421,완산 개별입지,유한회사 손수다혜,"전라북도 전주시 완산구 천잠로 235, 미래관 9102호 (효자동2가, 전주비전대학)",손바느질 DIY패키지
422,완산 개별입지,유한회사 아가페테크,전라북도 전주시 완산구 기린대로 96-4 (풍남동3가),가드레일 지주 보강재
423,완산 개별입지,유한회사 에스비,전라북도 전주시 완산구 원신덕길 26-5 (용복동),블라인드
424,완산 개별입지,유한회사 엔제이,전라북도 전주시 완산구 양지3길 16 (평화동2가),"영, 유아복"
425,완산 개별입지,유한회사 우주무인항공산업,전라북도 전주시 완산구 천잠로 235 (효자동2가) 전주비전대학교 2층 4204호 실습동,드론제품
426,완산 개별입지,유한회사 전북지업,전라북도 전주시 완산구 풍남문4길 25-22 (중앙동4가),"인쇄용지, 복사용지"
427,완산 개별입지,유한회사 지에이시스템,"전라북도 전주시 완산구 백제대로 305, 3층 (중화산동2가)",빌딩자동제어장치
428,완산 개별입지,유한회사 클리어창,"전라북도 전주시 완산구 문학대2길 27-7, 1층 (효자동3가)",합성수지제창
429,완산 개별입지,유한회사 한결라이팅,"전라북도 전주시 완산구 모악로 4704, 201호 (평화동2가)",조명장치
430,완산 개별입지,유한회사 함께하는사람들,"전라북도 전주시 완산구 원당길 3-75, 1층 (원당동)",위생용 종이제품
431,완산 개별입지,이고장식품,전라북도 전주시 완산구 고사평7길 17 (서신동),액상차
432,완산 개별입지,이노아트,"전라북도 전주시 완산구 현무3길 53, 1층 (경원동3가)",광고물 및 광고판
433,완산 개별입지,이지픽,"전라북도 전주시 완산구 천잠로 303, 벤처창업관 314-315호 (효자동2가, 전주대학교)",구강 세정기
434,완산 개별입지,인문사,"전라북도 전주시 완산구 현무1길 12 (경원동3가, 새평화교회)","경인쇄, 출판인쇄, 옵셋인쇄"
435,완산 개별입지,인터비타,전라북도 전주시완산구 효자동3가 1200 번지 전주대학교 벤처창업관 314호,디지털 점수판
436,완산 개별입지,일오삼광고공사,전라북도 전주시 완산구 화산천변3길 19-6 (중화산동2가),간판.현수막.안내판.현황판
437,완산 개별입지,자연푸드(유),전라북도 전주시 완산구 안행1길 14-3 (삼천동1가),가금류 신선육
438,완산 개별입지,작업실,전라북도 전주시 완산구 평화동2가 717-19번지,"목재가구, 문"
439,완산 개별입지,전라북도장애인미술협회인쇄사업단,전라북도 전주시 완산구 평화17길 10-6 (평화동1가),인쇄물
440,완산 개별입지,전방텍스타일 주식회사,전라북도 전주시 완산구 서학2길 47 (서서학동),"런닝,드로드,티셔츠류,외의류 외"
441,완산 개별입지,전북외식산업,전라북도 전주시 완산구 외칠봉1길 27-7 (효자동1가),도시락
442,완산 개별입지,전북인쇄산업,전라북도 전주시 완산구 충경로 125-14 (경원동3가),"봉투, 인쇄물"
443,완산 개별입지,전북종합공사 호남금속,전라북도 전주시 완산구 석구동 234-10번지,"창호,샷시 구조용 금속제품"
444,완산 개별입지,전일기업,전라북도 전주시 완산구 고덕산1길 46-54 (대성동),"롤스크린, 가구, 게시판, 칠판 등"
445,완산 개별입지,전주대학교 궁중약고추장,"전라북도 전주시 완산구 천잠로 303, 한지산업관 104. 105. 106호 (효자동2가, 전주대학교)",볶음고추장(약고추장)
446,완산 개별입지,전주시장애인단체총연합회인쇄사업단 한들,전라북도 전주시 완산구 평화17길 10-8 (평화동1가),인쇄물
447,완산 개별입지,전주제과,전라북도 전주시 완산구 쑥고개로 365 (효자동2가),빵. 과자
448,완산 개별입지,전주특수한지,"전라북도 전주시 완산구 은석길 37-21,  95-3 (색장동)",벽지 및 장판지 제조업
449,완산 개별입지,전주파이프,전라북도 전주시완산구 상림동 41 번지 외 1필지,배관용강관
450,완산 개별입지,제이에스엔 주식회사,전라북도 전주시 완산구 영경2길 13 (중화산동2가) 2층,코르크포장재
451,완산 개별입지,제이유디텍(JUDTECH),"전라북도 전주시 완산구 천잠로 303, 본관동 153호 (효자동2가, 전주대학교)",주서기
452,완산 개별입지,제이플랜,"전라북도 전주시 완산구 서원로 204, 1층 (효자동1가)","간판,인쇄물,현수막"
453,완산 개별입지,제일농장축산물유통센타,전라북도 전주시 완산구 쑥고개옛길 161-1 (삼천동3가) 외 3필지,"육류(돈육,소고기)"
454,완산 개별입지,종합광고기획 대원,전라북도 전주시 완산구 메너머2길 20-1 (중화산동2가),"간판,현수막,전광판,전시대"
455,완산 개별입지,좋은디자인,전라북도 전주시 완산구 전주객사1길 79-6 (다가동4가),간판 및 광고물
456,완산 개별입지,좋은어패럴,"전라북도 전주시 완산구 양지2길 21 (평화동2가, 주님의교회)",내의
457,완산 개별입지,주식회사 고스턴,"전라북도 전주시 완산구 천잠로 303, 본관 B102호 (효자동2가, 전주대학교)",농/산업용 드론
458,완산 개별입지,주식회사 광일실업,"전라북도 전주시 완산구 강변로 176 (효자동1가, 광일실업)",유소아용 내의류
459,완산 개별입지,주식회사 그린탑,"전라북도 전주시 완산구 천잠로 235, 미래관 9107호 (효자동2가, 전주비전대학)","태양광발전셋트, 탄소매트 등"
460,완산 개별입지,주식회사 나인,"전라북도 전주시 완산구 중산3길 11-1, 1층 101호 (중화산동2가)","PA스피커,순환전원공급장치,순차전원공급장치(파워디스트리뷰터)"
461,완산 개별입지,주식회사 대원유통,"전라북도 전주시 완산구 용머리로 152, 3층 1호 (효자동1가)",남자작업복
462,완산 개별입지,주식회사 덕상,"전라북도 전주시 완산구 삼천천변1길 17, 125호, 126호 (삼천동1가)","간판,광고물,인쇄물"
463,완산 개별입지,주식회사 두산,"전라북도 전주시 완산구 효동3길 23, 지하1층  (효자동1가, 전주새삶교회)",근무복 및 작업복
464,완산 개별입지,주식회사 드림테크,"전라북도 전주시 완산구 쑥고개로 21, 103호 (용복동)",안전유도장치
465,완산 개별입지,주식회사 디자인밸리,"전라북도 전주시 완산구 경기전길 8, (주)디자인밸리 (경원동2가)","안내판,표시물,광고판.식물모형,인쇄물.조형물.금속창호.비디오물,예술품조형물"
466,완산 개별입지,주식회사 메디휴,"전라북도 전주시 완산구 난전들로 220-116, 생산동 102호 (평화동2가)",시력보정용 약시안경(의료기기조립)
467,완산 개별입지,주식회사 모스터일렉,"전라북도 전주시 완산구 천잠로 303, 벤처창업관 105호 (효자동2가, 전주대학교)","제어기모듈,전자차광판"
468,완산 개별입지,주식회사 반석기술융합,"전라북도 전주시 완산구 천잠로 303, 본관 156호 (효자동2가, 전주대학교)","플라즈마발생기,공기정화기"
469,완산 개별입지,주식회사 본드나라안전공구,전라북도 전주시 완산구 태평3길 19 (태평동),프린트인쇄
470,완산 개별입지,주식회사 상림,전라북도 전주시 완산구 방마길 2 (상림동),금속 문. 창. 셔터 및 관련제품
471,완산 개별입지,주식회사 솔루션뱅크플러스,"전라북도 전주시 완산구 천잠로 303, 115호 (효자동2가, 전주대학교 문화기술보육센터) (효자동2가)",산업용 금형 등
472,완산 개별입지,주식회사 수테크놀로지,"전라북도 전주시 완산구 천잠로 303, 전주대학교 벤처창업관 107호 (효자동2가)","에어커튼,비데 등"
473,완산 개별입지,주식회사 시스젠,"전라북도 전주시 완산구 홍산남로 16, 301호 (효자동2가)","노면 감시용 레이더, 무인안내시스템"
474,완산 개별입지,주식회사 신일유통,"전라북도 전주시 완산구 용머리로 152, 3층 2호 (효자동1가)",남자작업복
475,완산 개별입지,주식회사 씨이피,"전라북도 전주시 완산구 천잠로 303, 전주대학교 벤처창업관 109호 (효자동2가, 전주대학교)",도로표지판
476,완산 개별입지,주식회사 아이디어마을,"전라북도 전주시 완산구 천잠로 303, B101호 (전주대학교 본관) (효자동2가, 전주대학교)","빗물여과장치,생활용품"
477,완산 개별입지,주식회사 애플농산,전라북도 전주시 완산구 꽃밭정1길 17-16 (평화동1가),"분쇄육, 기타 가공육"
478,완산 개별입지,주식회사 에버미라클,"전라북도 전주시 완산구 능안자구길 134-44 (삼천동3가, 에버미라클)",비료 및 탈취제
479,완산 개별입지,주식회사 에스지골프,"전라북도 전주시 완산구 천잠로 303, 전주대학교 벤처창업관 301, 302호 (효자동2가)","퍼팅매트조립, 피팅,레이저마킹 등"
480,완산 개별입지,주식회사 에어랩,"전라북도 전주시 완산구 천잠로 303, 전주대학교 벤처창업관 212호 (효자동2가)",비강 삽입형 마스크
481,완산 개별입지,주식회사 에코케어(ecocare lnc),"전라북도 전주시 완산구 천잠로 303, 벤처창업관 (효자동2가, 전주대학교)",기타비료(토양미생물제제)
482,완산 개별입지,주식회사 에프엠에스,"전라북도 전주시 완산구 홍산남로 30, 501호 (효자동2가)",정밀측정기
483,완산 개별입지,주식회사 엠알,전라북도 전주시 완산구 기린대로 240-10 (서노송동),전동 와이어 링 제본기
484,완산 개별입지,주식회사 온누리산전,"전라북도 전주시 완산구 원신덕길 85, 주2동 2층 (용복동)","태양광발전장치,배전반,공원등 등"
485,완산 개별입지,주식회사 이노컨,"전라북도 전주시 완산구 천잠로 303, 315호 벤처창업관 (효자동2가, 전주대학교)","드론,필라멘트"
486,완산 개별입지,주식회사 이지아이,전라북도 전주시 완산구 효자로 322 (중화산동2가),"LED,CCTV,전광판"
487,완산 개별입지,주식회사 제이앤지,전라북도 전주시 완산구 쑥고개로 208 (삼천동3가) 외 1필지,"산업용오븐,공기조화장치,판넬,제어장치"
488,완산 개별입지,주식회사 코리아엘이디,전라북도 전주시 완산구 전룡로 74-3 (서신동),"램프,안정기,LED조명"
489,완산 개별입지,주식회사 파고다,전라북도 전주시 완산구 팔달로 154-8 (전동),입체용 한지제조
490,완산 개별입지,주식회사 피테크,"전라북도 전주시 완산구 천잠로 303, 벤처창업관 205호, 206호 (효자동2가, 전주대학교)",전자미용기기 및 의료기기
491,완산 개별입지,주식회사 해건,"전라북도 전주시 완산구 천잠로 235, 미래관 1층 9104호(창업보육센타) (효자동2가, 전주비전대학)",교통안전표지판.LED표지판.LED안내판
492,완산 개별입지,주식회사수면과건강,"전라북도 전주시 완산구 백제대로 440 (서신동, 서신프른솔약국)",코고리방지기
493,완산 개별입지,주은텍스텍,전라북도 전주시 완산구 감나무4길 8 (서신동),"작업복, 근무복, 운동복 의류"
494,완산 개별입지,줌인디자인,전라북도 전주시 완산구 현무3길 46 (중노송동),인쇄
495,완산 개별입지,지숨,"전라북도 전주시 완산구 전주천동로 230-6 (다가동3가, 동규빌딩)",한지사진. 한지상품
496,완산 개별입지,진안명품포크가나안영농조합법인,전라북도 전주시 완산구 쑥고개로 196-42 (삼천동3가),냉동돈육
497,완산 개별입지,진우스텐샤링,전라북도 전주시 완산구 정여립로 749 (상림동),"구조용금속제품, 구조용금속판제품"
498,완산 개별입지,진흥전기,"전라북도 전주시 완산구 백제대로 350, 4층 (중화산동2가)",배전반및자동제어반
499,완산 개별입지,창영기획,전라북도 전주시 완산구 송정4길 22 (삼천동1가),간판및광고물
500,완산 개별입지,천년푸드 유한회사,전라북도 전주시 완산구 중인동 600-1번지,고기양념 제조
501,완산 개별입지,청정LSF 사업본부,전라북도 전주시 완산구 인정1길 19-5 (중화산동2가),"돈육,우육(냉동),닭고기(냉동)"
502,완산 개별입지,코리아냉동기상사,전라북도 전주시 완산구 메너머3길 17 (중화산동2가),산업용 냉동기 유니트
503,완산 개별입지,코인브라인드,"전라북도 전주시 완산구 인정4길 20-6,  외 (중화산동2가)","커튼,버티칼,브라인드"
504,완산 개별입지,태림전자(주),"전라북도 전주시 완산구 춘향로 5234 (대성동, 태림전자)","교통신호제어기,가로등점멸기"
505,완산 개별입지,태문사,"전라북도 전주시 완산구 경기전길 32 (경원동2가, 태문사)",인쇄
506,완산 개별입지,태양사,전라북도 전주시 완산구 팔달로 40-3 (서서학동) 외 1필지,"신사복,유니폼,잠바,교복,맞춤바지,T셔츠,가운,린넨류,커튼,체육복"
507,완산 개별입지,평화섬유,전라북도 전주시 완산구 서학2길 47 (서서학동),내의 및 잠옷
508,완산 개별입지,풍남기획,전라북도 전주시 완산구 문화광장로 17 (서노송동),간판및광고물
509,완산 개별입지,하루의아침,전라북도 전주시 완산구 정동길 13 (삼천동2가),도시락
510,완산 개별입지,하영이네수제떡갈비,전라북도 전주시 완산구 난전들로 156-60 (평화동3가),"식육가공품(떡갈비,양념육)"
511,완산 개별입지,한실어패럴,"전라북도 전주시 완산구 마당재1길 13-3 (남노송동, 한실어페럴)","의류(인어웨어.아웃도어),마스크"
512,완산 개별입지,한실어패럴,전라북도 전주시 완산구 중노송동 311-37번지,"내의,이불커버,체육복,근무복,니트,손수건"
513,완산 개별입지,한양컨테이너,전라북도 전주시 완산구 삼산길 9-40 (삼천동3가) 외 4필지,"구조용 금속제품(컨테이너 제조, 이동식주택)"
514,완산 개별입지,한일자수,전라북도 전주시 완산구 영경2길 13 (중화산동2가),컴퓨터자수
515,완산 개별입지,한진엔지니어링,전라북도 전주시 완산구 전라감영2길 18 (다가동1가) (총 2 필지) 외 1필지,"수배전반, 자동제어"
516,완산 개별입지,해동기계산업,전라북도 전주시완산구 상림동 87번지,"산업기계및난방설비, 폐수처리기"
517,완산 개별입지,현대콘크리트,전라북도 전주시완산구 효자동2가 368번지,"벽돌,블럭"
518,완산 개별입지,현진산업,"전라북도 전주시 완산구 전주객사5길 83, 4층 401호 (고사동)","방음,보온 부자재(조이너,덮개)"
519,완산 개별입지,협신산업,전라북도 전주시 완산구 쑥고개로 196-57 (삼천동3가),금속제품
520,완산 개별입지,혜미강전통발효식품,"전라북도 전주시 완산구 모악산자락길 270-21, 20-1 (원당동)","된장,간장,고추장"
521,완산 개별입지,호남금속,전라북도 전주시 완산구 구이로 1905-10 (석구동),창호.샷시.구조용금속제품
522,완산 개별입지,휴,전라북도 전주시 완산구 전주객사2길 31-3 (다가동3가),각종 인쇄물
523,덕진개별입지,(사)캠틱종합기술원,"전라북도 전주시 덕진구 유상로 67,  전주첨단벤처단지 6 (팔복동2가)",자동차부품 등
524,덕진개별입지,(유) 나노엔지니어링,"전라북도 전주시 덕진구 온고을로 557, 3층 (여의동)","태양광발전장치, 제어기/컨트롤러"
525,덕진개별입지,(유) 세화테크,전라북도 전주시 덕진구 삼거1길 68 (금상동),지하수 상부 보호공
526,덕진개별입지,(유) 시원,"전라북도 전주시 덕진구 정여립로 1115, 5층, 501호 (만성동)","폐쇄회로 카메라, 구내방송장치, 무선통신장비"
527,덕진개별입지,(유) 전주건업,전라북도 전주시 덕진구 덕촌길 29 (팔복동3가),"금속제 패널, 합성수지제 창, 금속제 창, 청정부스"
528,덕진개별입지,(유)가안인싸이트,전라북도 전주시 덕진구 삼례로 145-3 (화전동),실물모형
529,덕진개별입지,(유)가족회관식품,"전라북도 전주시 덕진구 혁신로 401,  전북생물산업진흥원 바이오식품산업센터 408호 (장동)",장아찌류
530,덕진개별입지,(유)개암이엔티,전라북도 전주시 덕진구 서귀로 150-4 (여의동),비금속파쇄품
531,덕진개별입지,(유)거동건설,전라북도 전주시 덕진구 신성길 82 (성덕동),구조물 금속판제품 및 공작물제조업
532,덕진개별입지,(유)거상이엔지,"전라북도 전주시 덕진구 원화전1길 57-62,  외2필지 (반월동)",산업용 금속구조물
533,덕진개별입지,(유)건우창호건설,전라북도 전주시 덕진구 기린대로 959 (여의동),창호제품
534,덕진개별입지,(유)검창금속,전라북도 전주시 덕진구 신복천변1길 28 (팔복동1가),창호제품
535,덕진개별입지,(유)고양산업,전라북도 전주시 덕진구 감수길 10-42 (팔복동4가),아스콘
536,덕진개별입지,(유)공동체나눔환경,전라북도 전주시 덕진구 고내천변로 388-23 (전미동2가),새싹엽서
537,덕진개별입지,(유)광신사,전라북도 전주시 덕진구 전주천동로 422 (진북동),LED 조명
538,덕진개별입지,(유)국도샤링,전라북도 전주시 덕진구 원산정길 54 (산정동),금속절단절곡 건축용 금속 가공제품
539,덕진개별입지,(유)그린테크산업,전라북도 전주시 덕진구 전미중앙로 171 (전미동2가),볼라드(금속재)
540,덕진개별입지,(유)금오안전,전라북도 전주시 덕진구 추천로 217-9 (팔복동1가),안전용품
541,덕진개별입지,(유)기전이엔지,전라북도 전주시 덕진구 산정동 677-3번지,"창호, 샷시, 구조용 금속제품"
542,덕진개별입지,(유)꽃탑월드,전라북도 전주시 덕진구 새논밭길 14 (호성동1가),LED전자부품 및 조형물
543,덕진개별입지,(유)네온,전라북도 전주시 덕진구 반월로 7 (반월동),태양광금속구조물
544,덕진개별입지,(유)누리미르정보통신,"전라북도 전주시 덕진구 백제대로 676,  거목빌딩2층 (금암동)","CCTV,엠프"
545,덕진개별입지,(유)대명하우징,전라북도 전주시 덕진구 산정동 770-1번지 외 2필지,컨테이너
546,덕진개별입지,(유)대연산업,전라북도 전주시 덕진구 야전1길 71 (팔복동4가),아스콘
547,덕진개별입지,(유)대한기와강판,전라북도 전주시 덕진구 원산정길 115 (산정동),구조용 금속판
548,덕진개별입지,(유)대한판넬,전라북도 전주시 덕진구 원산정길 119 (산정동),금속판제품
549,덕진개별입지,(유)대현물산,전라북도 전주시 덕진구 동부대로 804 (호성동1가),카라멜
550,덕진개별입지,(유)대화중기공업사,전라북도 전주시 덕진구 추천로 25-13 (팔복동3가),중장비정비
551,덕진개별입지,(유)동부금속,전라북도 전주시 덕진구 전미로 213 (전미동2가),건축용및산업용 금속제품
552,덕진개별입지,(유)동신큐비클,전라북도 전주시 덕진구 하가로 84 (덕진동2가),화장실용 칸막이
553,덕진개별입지,(유)동아산업,전라북도 전주시 덕진구 삼례로 23 (반월동),플랜트제품 및 강구조물제품 
554,덕진개별입지,(유)동아테크놀로지,"전라북도 전주시 덕진구 인교4길 6 (우아동1가, 토성빌라)","오디오앰프,스피커,오디오믹서,전광판,영상감시장비"
555,덕진개별입지,(유)동우솔루션,전라북도 전주시 덕진구 용신길 26-5 (반월동),"로봇신호수,축산기계"
556,덕진개별입지,(유)드림솔루션,전라북도 전주시 덕진구 용덕길 3-30 (용정동),"CC 카메라, 구내방송장치"
557,덕진개별입지,(유)드림씨앤에스,전라북도 전주시 덕진구 장동길 43 (장동),"PVC창호,금속창호,목재창호"
558,덕진개별입지,(유)디엔지,전라북도 전주시 덕진구 원산정길 98 (산정동),"금속문,창,셔터"
559,덕진개별입지,(유)미들텍,"전라북도 전주시 덕진구 아중로 132-1, 2층 (인후동1가)",주차관제설비
560,덕진개별입지,(유)미래정비공업사,전라북도 전주시 덕진구 추천로 25-9 (팔복동3가),건설기계부품
561,덕진개별입지,(유)본건축디자인,전라북도 전주시 덕진구 무삼지4길 28 (인후동1가),실물모형
562,덕진개별입지,(유)본테크,전라북도 전주시 덕진구 삼거1길 18-39 (금상동),LED 등기구 제조업
563,덕진개별입지,(유)비알엠,전라북도 전주시 덕진구 팔복로 247 (여의동) 103동,부직포마스크
564,덕진개별입지,(유)삼성인슈판넬,전라북도 전주시 덕진구 온고을로 570-11 (여의동) (총 3 필지) 외 2필지,산업용 금속제품.건축용 금속제품
565,덕진개별입지,(유)삼신기업,전라북도 전주시 덕진구 팔복로 17-20 (팔복동2가),"교통표지판, 일반도료 외"
566,덕진개별입지,(유)삼신테크,전라북도 전주시 덕진구 팔복로 17-20 (팔복동2가),합성목재
567,덕진개별입지,(유)삼원섬유,전라북도 전주시 덕진구 장재안길 10 (우아동3가),남자용내의
568,덕진개별입지,(유)서광종합자동차공업사,전라북도 전주시 덕진구 원만성로 37-4 (팔복동3가),건설기계부품
569,덕진개별입지,(유)서원정보통신,전라북도 전주시 덕진구 아중천변2길 9 (우아동3가),"CCTV카메라, DVR 등"
570,덕진개별입지,(유)서은옥푸드,"전라북도 전주시 덕진구 권삼득로 308,  전북대창업보육센터 105호~107호 (덕진동1가)","빵, 쿠키"
571,덕진개별입지,(유)서진푸드시스템,전라북도 전주시 덕진구 원장동길 111-18 (장동) 전북생물산업진흥원 창업보육센터 203호,"두류 가공식품, 커피 원두"
572,덕진개별입지,(유)성원엘리베이터,전라북도 전주시 덕진구 신흥안길 52 (고랑동),승강기
573,덕진개별입지,(유)세윤건설산업,전라북도 전주시 덕진구 초포다리로 19 (호성동1가),도로안내 표지판
574,덕진개별입지,(유)솔왕바이오,전라북도 전주시 덕진구 용신길 62 (용정동),복합비료
575,덕진개별입지,(유)스마트코리아,"전라북도 전주시 덕진구 권삼득로 379, 승한빌딩 5층(3호 4호) (덕진동1가)",교통신호제어기
576,덕진개별입지,(유)신두림,전라북도 전주시 덕진구 암실길 135 (반월동),교통안전시설물
577,덕진개별입지,(유)신혜성산업,전라북도 전주시 덕진구 삼거1길 1-11 (금상동),"금속판제품, 금속가공제품"
578,덕진개별입지,(유)씨엠에스이엔지,전라북도 전주시 덕진구 반룡로 65 (팔복동2가),밸브 및 파이프가공품
579,덕진개별입지,(유)아리울,전라북도 전주시 덕진구 반월동 801-1번지,피자도우(굽기전)
580,덕진개별입지,(유)아이언베일,전라북도 전주시 덕진구 신복로 70 (팔복동1가),헬스기구
581,덕진개별입지,(유)에스지우드,전라북도 전주시 덕진구 새논밭길 24 (호성동1가),"목재 문, 창호 주방용 목재가구"
582,덕진개별입지,(유)에스티원,"전라북도 전주시 덕진구 신복로 118, 1층 (팔복동4가)",주차관제 시스템
583,덕진개별입지,(유)에이치케이산업,"전라북도 전주시 덕진구 삼거3길 32-4,  외 4필지 (산정동)",금속가공제품
584,덕진개별입지,(유)엠아이알,전라북도 전주시 덕진구 여산로 88-22 (여의동),"기계부품,자동차부속품"
585,덕진개별입지,(유)영일산업,전라북도 전주시 덕진구 장재안길 24 (우아동3가),"복층유리,플라스틱창호"
586,덕진개별입지,(유)우림전기,"전라북도 전주시 덕진구 신복3길 7,  마동 (팔복동1가)",배전반
587,덕진개별입지,(유)우신전기,전라북도 전주시 덕진구 추천로 25-1 (팔복동3가),배전반및전기자동제어반
588,덕진개별입지,(유)우전케이블,전라북도 전주시 덕진구 반룡로 158-1 (여의동),전선류
589,덕진개별입지,(유)웅밸브,전라북도 전주시 덕진구 장동길 34 (장동),파이프가공
590,덕진개별입지,(유)위너애드컴,전라북도 전주시 덕진구 동부대로 1546 (고랑동),"간판 및 광고물, 조형물"
591,덕진개별입지,(유)유덕산업전기,전라북도 전주시 덕진구 신복로 18-15 (팔복동1가),전기수배전반외 철재가공
592,덕진개별입지,(유)유창,전라북도 전주시 덕진구 신성길 25-37 (성덕동),열교환기
593,덕진개별입지,(유)이젠365,"전라북도 전주시 덕진구 유상로 67, 7동건물 (팔복동2가)",농축산용 방역장비 외 3종
594,덕진개별입지,(유)자연인,"전라북도 전주시 덕진구 떡전4길 8 (금암동, 전주직업전문학교)","빵, 과자"
595,덕진개별입지,(유)전라창호,전라북도 전주시 덕진구 삼례로 124 (고랑동),PVC창호
596,덕진개별입지,(유)전주중기공업사,전라북도 전주시 덕진구 신행로 56 (팔복동3가),중장비정비
597,덕진개별입지,(유)전주토산품,전라북도 전주시 덕진구 장재길 16 (우아동3가),전통부채
598,덕진개별입지,(유)정원에스텍,전라북도 전주시 덕진구 용신길 26-21 (반월동),금속제프레임
599,덕진개별입지,(유)정원이앤씨,전라북도 전주시 덕진구 삼례로 136-36 (고랑동),배전반
600,덕진개별입지,(유)제이엠모드,전라북도 전주시 덕진구 호성동1가 649번지,내의.셔츠.유아복.기타 봉제의복
601,덕진개별입지,(유)제이피엠,전라북도 전주시 덕진구 번영로 302 (성덕동),"열교환기, 금속제품, 탱크"
602,덕진개별입지,(유)종합테크,전라북도 전주시덕진구 고랑동 611-41 번지,금속판제품 금속공작물 구조용 금속제품
603,덕진개별입지,(유)주원산업개발,전라북도 전주시 덕진구 삼례로 53 (반월동),운동시설물
604,덕진개별입지,(유)지구엔비텍,전라북도 전주시 덕진구 비석날로 99 (팔복동2가),환경방지시설구조재
605,덕진개별입지,(유)진원엔지니어링,전라북도 전주시 덕진구 팔복로 253 (여의동),농업용필름.중공성형기계제작
606,덕진개별입지,(유)찬미산업개발,전라북도 전주시 덕진구 원산정길 98 (산정동),금속창호.알미늄창호
607,덕진개별입지,(유)천연담아,"전라북도 전주시 덕진구 원장동길 111 -18(장동, 전북생물산업진흥원) 바이오플렉스 창업보육센터 109호",천연조미료
608,덕진개별입지,(유)청명개발,전라북도 전주시 덕진구 온고을로 439 (만성동),플라스틱 및 금속 창호
609,덕진개별입지,(유)케이씨엘,"전라북도 전주시 덕진구 신성길 21, 2동 (성덕동)","산업용 환경장비, 청소기, 집진기 외"
610,덕진개별입지,(유)크린인덱스,전라북도 전주시 덕진구 신복로 102-21 (팔복동4가),집진기
611,덕진개별입지,(유)태강전기,전라북도 전주시 덕진구 신복3길 7 (팔복동1가),배전반
612,덕진개별입지,(유)태성엔지니어링,전라북도 전주시 덕진구 암실길 8-22 (반월동),"금속 구조재, 금속 가공제품"
613,덕진개별입지,(유)태웅철강산업,전라북도 전주시 덕진구 은평길 52 (전미동1가),금속판제품. 금속조립구조물. 금속가공제품
614,덕진개별입지,(유)팔복제지,전라북도 전주시 덕진구 구주길 7 (팔복동3가),한지
615,덕진개별입지,(유)포디헤윰,"전라북도 전주시 덕진구 용정길 16,  1008-6 (여의동)","간판및광고물, 광고용 조명장치,가로등주,금속울타리용철물,쓰레기통,조립식구조물등"
616,덕진개별입지,(유)플라테크,전라북도 전주시 덕진구 비석날로 59-17 (여의동),플라스틱원료
617,덕진개별입지,(유)한국에프엔씨,전라북도 전주시 덕진구 팔복로 17-6 (팔복동2가),"디자인휀스, 광고물 등"
618,덕진개별입지,(유)한국종합주방,전라북도 전주시 덕진구 온고을로 241 (팔복동3가),금속주방용기
619,덕진개별입지,(유)한샘기업,전라북도 전주시 덕진구 원만성로 21-25 (여의동),금속문 및 관련제품 제조업
620,덕진개별입지,(유)해광산업,전라북도 전주시 덕진구 신흥마을길 75-10 (고랑동) 외 1필지,건축용금속판제품. 금속건축부자재제품
621,덕진개별입지,(유)허그(HUG),"전라북도 전주시 덕진구 추천5길 7 (팔복동2가, 동화약품)","내의및잠옷제조업,  유아용의복제조업"
622,덕진개별입지,(유)호비,전라북도 전주시 덕진구 여산로 88-28 (여의동),"간판, 광고물"
623,덕진개별입지,(유)환경테크,전라북도 전주시 덕진구 신복로 67 (팔복동1가),"금속탱크, 여과기, 수처리기자재"
624,덕진개별입지,(재)전라북도생물산업진흥원,"전라북도 전주시 덕진구 혁신로 401 (장동, 전북생물산업진흥원) 외 1필지","혼합유산균제제, 액상추출차"
625,덕진개별입지,(주) 광호엔지니어링,전라북도 전주시 덕진구 전미중앙로 49 (전미동2가),방수부자재
626,덕진개별입지,(주) 백제중공업,전라북도 전주시 덕진구 신복천변3길 44 (팔복동1가),중장비정비
627,덕진개별입지,(주) 컴필,전라북도 전주시 덕진구 우아동3가 반암1길 11 (주) 컴필,"드로즈, 티, 내의류, 피복류,  마스크"
628,덕진개별입지,(주)강동오케익,"전라북도 전주시 덕진구 오신2길 24-21 (성덕동, (주)강동오케익)",전병
629,덕진개별입지,(주)강인목재,전라북도 전주시 덕진구 가소길 6 (금상동),"문창호, 문틀"
630,덕진개별입지,(주)겐돈에프앤비,전라북도 전주시 덕진구 동가재미2길 55 (인후동1가),메밀가공제품(10612). 소바육수(10793)
631,덕진개별입지,(주)경원통신건설,전라북도 전주시 덕진구 온고을로 485 (여의동),"CCTV카메라, 광송수신기 등"
632,덕진개별입지,(주)광천,전라북도 전주시 덕진구 진버들3길 27-6 (인후동1가),"의류, 내의, 모자"
633,덕진개별입지,(주)광회정보통신,전라북도 전주시 덕진구 용덕길 47-51 (용정동),"영상감지장치, 폐쇄회로카메라, 무선통신장비"
634,덕진개별입지,(주)그린,"전라북도 전주시 덕진구 덕촌길 43, A동 (팔복동3가)",교통안전시설물
635,덕진개별입지,(주)금강이엔씨,"전라북도 전주시 덕진구 백제대로 567,  창업보육2센터 306호 (금암동)",배관용감압장치를이용한 발전장치
636,덕진개별입지,(주)금천,전라북도 전주시 덕진구 혁신로 616 (여의동),"탄성고무칩, 미끄럼방지제"
637,덕진개별입지,(주)기술과창조,전라북도 전주시 덕진구 신복로 18-12 (팔복동1가),"보조사료, 탈취제, 토양개량제, 미생물발효배양기, 컴퓨터"
638,덕진개별입지,(주)나비스,전라북도 전주시 덕진구 초포다리로 51 (호성동1가),침구류
639,덕진개별입지,(주)뉴트롬,"전라북도 전주시 덕진구 원장동길 111-18, 1층 104호 (장동)",건강기능식품
640,덕진개별입지,(주)뉴파워프라즈마 전주공장,"전라북도 전주시 덕진구 유상로 49 (팔복동2가, 뉴파워플라즈마)","반도체장비, 전기전자"
641,덕진개별입지,(주)대경산전,"전라북도 전주시 덕진구 신복로 26, 전력설비동 (팔복동1가) 외 2필지",수배전반 외
642,덕진개별입지,(주)대광전기,전라북도 전주시 덕진구 감수길 40 (팔복동4가),"수배전반,자동제어"
643,덕진개별입지,(주)대성나염,전라북도 전주시 덕진구 추천로 349 (팔복동4가),나염
644,덕진개별입지,(주)대성유화아스팔트,전라북도 전주시 덕진구 온고을로 454 (여의동),유제아스팔트제품
645,덕진개별입지,(주)대아화공,전라북도 전주시덕진구 팔복동1가 22-7번지,"질산,가성소다,염산"
646,덕진개별입지,(주)대연콘크리트,전라북도 전주시 덕진구 야전1길 24 (팔복동4가),레미콘
647,덕진개별입지,(주)대한특수한지,전라북도 전주시 덕진구 신복천변3길 17 (팔복동1가),한지
648,덕진개별입지,(주)더조아,전라북도 전주시 덕진구 진조리길 80 (전미동1가),LED전광판 등
649,덕진개별입지,(주)데코라,전라북도 전주시 덕진구 동부대로 1566 (고랑동),"목재가구, 석재가공"
650,덕진개별입지,(주)데크 전주공장,전라북도 전주시덕진구 팔복동2가 638-2번지 첨단산업단지벤처2동,항공기부품
651,덕진개별입지,(주)동방,전라북도 전주시 덕진구 혁신로 616 (여의동),레미콘
652,덕진개별입지,(주)동신이에이,전라북도 전주시 덕진구 신복로 18-12 (팔복동1가),수배전반
653,덕진개별입지,(주)동진테크,전라북도 전주시 덕진구 초당길 60-4 (호성동1가),자동차 부품
654,덕진개별입지,(주)디아이텍,전라북도 전주시 덕진구 인봉3길 51-1 (인후동1가),인쇄
655,덕진개별입지,(주)디자인월드,전라북도 전주시 덕진구 신복로 18-12 (팔복동1가),"조경시설물, 운동시설물,조합놀이대,디자인휀스"
656,덕진개별입지,(주)라인인포,전라북도 전주시 덕진구 전주천동로 422 (진북동),영상음향기기.통신기기.컴퓨터 입출력장치및기타주변기기.
657,덕진개별입지,(주)라파프로폴리스,전라북도 전주시 덕진구 여산로 130-15 (여의동),기능성식품(프로폴리스)
658,덕진개별입지,(주)레오포즈,"전라북도 전주시 덕진구 유상로 67,  기계산업리서치센타210호 (팔복동2가)",자동차타이어휠
659,덕진개별입지,(주)릴라이언스,전라북도 전주시 덕진구 장동 568-3번지 외 2필지,"영유아복, 내의, 잠옷, 작업복"
660,덕진개별입지,(주)매직라이팅,전라북도 전주시 덕진구 호성숨멀길 28 (호성동3가),LED전광판
661,덕진개별입지,(주)매클린,"전라북도 전주시 덕진구 기린대로 929, 1층 (팔복동2가)",매연저감제
662,덕진개별입지,(주)멀티,전라북도 전주시 덕진구 추천로 177-10 (팔복동1가),"배전반, 변압기류"
663,덕진개별입지,(주)명도실업,전라북도 전주시 덕진구 비석날로 59-1 (여의동),"환자복,시트커버"
664,덕진개별입지,(주)모리아성구사,전라북도 전주시덕진구 팔복동2가 797-4번지 외 2필지,"교구, 가구"
665,덕진개별입지,(주)무성산업,전라북도 전주시 덕진구 신복천변3길 38 (팔복동1가),금속가공품.탄소소재가공외금속가공
666,덕진개별입지,(주)바로텍시너지,"전라북도 전주시 덕진구 유상로 67, 첨단벤처단지 4동 (팔복동2가)",항공우주제어장치
667,덕진개별입지,(주)바른길,전라북도 전주시 덕진구 신성길 82 (성덕동),"금속표시판,금속구조재,금속가공제품"
668,덕진개별입지,(주)바이텍,"전라북도 전주시 덕진구 원장동길 111-18, 전라북도생물산업진흥원 바이오식품산업화센터 202호, 203호 (장동)",효소처리로얄젤리
669,덕진개별입지,(주)브이앤아이,전라북도 전주시 덕진구 유상로 67 (팔복동2가),전자제어기 및 검사기
670,덕진개별입지,(주)빛드림,전라북도 전주시 덕진구 신복로 54 (팔복동1가),"버티컬, 블라인드"
671,덕진개별입지,(주)뿌리를지키는사람들,전라북도 전주시 덕진구 원만성로 21-28 (여의동),"PC콘크리트납골안치대, 천연석조립 안치단 등"
672,덕진개별입지,(주)삼화엔지니어링,전라북도 전주시 덕진구 원만성로 21-14 (팔복동3가),"제빙기,콘닥트후리자 냉풍 건조기"
673,덕진개별입지,(주)서인프린텍,전라북도 전주시 덕진구 동부대로 643 (우아동3가),"인쇄, 출판물, 졸업앨범"
674,덕진개별입지,(주)석환산업,전라북도 전주시 덕진구 반룡로 143-12 (여의동),"디자인울타리,판재,합성목재,파고라,벤치"
675,덕진개별입지,(주)선이앤씨,전라북도 전주시 덕진구 성덕동 509-18번지,"히트펌프, 지열이용한 냉난방시스템"
676,덕진개별입지,(주)성경실업,"전라북도 전주시 덕진구 송천로 49 (송천동1가, 솔내목양교회)",유아용 내의
677,덕진개별입지,(주)성실,전라북도 전주시 덕진구 기린대로 868-1 (동산동),"유아용 의류, 속옷 및 잠옷, 마스크"
678,덕진개별입지,(주)성우이앤씨,"전라북도 전주시 덕진구 암실길 81,  제1-B동 (반월동)",무대장치. 무대조명기기
679,덕진개별입지,(주)성진하이텍,전라북도 전주시 덕진구 신복로 102-3 (팔복동4가),"카시트, 특장차 외"
680,덕진개별입지,(주)성진하이텍 전주공장,전라북도 전주시 덕진구 팔복동4가 233-1번지,특장차
681,덕진개별입지,(주)세원하드페이싱,전라북도 전주시 덕진구 서귀로 183 (여의동),"슬리브, 모터축, 샤프트"
682,덕진개별입지,(주)세종에너지,전라북도 전주시 덕진구 기린대로 945-5 (팔복동2가),산업기계설비
683,덕진개별입지,(주)손짱,"전라북도 전주시 덕진구 우아4길 14, 1층 (우아동3가)",여성의류
684,덕진개별입지,(주)신산이,전라북도 전주시 덕진구 비석날로 59-11 (여의동),태양에너지
685,덕진개별입지,(주)신진에너텍,전라북도 전주시 덕진구 하오용흥길 18-7 (호성동3가),"냉동냉장방비,저온저장고,수막난방용용수공급장치"
686,덕진개별입지,(주)신흥종합주방설비,전라북도 전주시 덕진구 동부대로 1411 (고랑동),"식기건조기, 싱크대, 조리대"
687,덕진개별입지,(주)썬더테크놀로지,전라북도 전주시 덕진구 금상길 176-12 (금상동),"스피커, 앰프"
688,덕진개별입지,(주)씨비에이치,전라북도 전주시 덕진구 팔복1길 17-3 (팔복동2가),"카본테이블, 의료기기"
689,덕진개별입지,(주)씨알콤,"전라북도 전주시 덕진구 상리5길 13, 희망전북창업보육센타 102호 (팔복동2가)",조명기기
690,덕진개별입지,(주)씨앤씨테크,전라북도 전주시 덕진구 원고랑1길 35 (고랑동),"캐빈형방제캡, 뉴파워킬, 만능팔"
691,덕진개별입지,(주)씨에이피코리아,"전라북도 전주시 덕진구 유상로 67, 한국탄소융합기술원 기계벤처동 306호 (팔복동2가)",고강도 플라스틱 외
692,덕진개별입지,(주)아성산업,전라북도 전주시 덕진구 신복로 102-3 (팔복동4가),폴리에틸렌필름
693,덕진개별입지,(주)아이에스티,"전라북도 전주시 덕진구 백제대로 567,  전북대학교 창업보육센터301,302 (덕진동1가)","교통시설,써니브라"
694,덕진개별입지,(주)에스솔루션,전라북도 전주시 덕진구 원산정길 37 (산정동),태양광 구조물
695,덕진개별입지,(주)에이스 터보,"전라북도 전주시 덕진구 유상로 67,  전주첨던벤처단지9동 (팔복동2가)",터보블러워.전동펌프
696,덕진개별입지,(주)에이씨에스이(ACSE),"전라북도 전주시 덕진구 유상로 49 (팔복동2가, 뉴파워플라즈마)",탄소섬유장비
697,덕진개별입지,(주)에이피에스,"전라북도 전주시 덕진구 전주천동로 479, 2층 (금암동)",선박용 전자장비
698,덕진개별입지,(주)엔티아이,"전라북도 전주시 덕진구 비석날로 99, 1동 (팔복동2가)","규사혼합물, 벤치, 운동기구"
699,덕진개별입지,(주)엘가현상소,전라북도 전주시 덕진구 팔달로 375-7 (금암동),사진앨범
700,덕진개별입지,(주)엘더,"전라북도 전주시 덕진구 혁신로 401, 생물산업진흥원 2동 1층 (장동, 전북생물산업진흥원)","과채주스,음료,과채퓨레,당류,기타 가공품외"
701,덕진개별입지,(주)엘텍인터내셔날,전라북도 전주시 덕진구 덕촌길 62 (팔복동3가),조명기구
702,덕진개별입지,(주)엠제이비,"전라북도 전주시 덕진구 원만성로 15 (팔복동3가, (주)창해에탄올)",금속탱크및저장용기
703,덕진개별입지,(주)예텍,전라북도 전주시 덕진구 신복로 18 (팔복동1가),"평판프린터, LED전광판"
704,덕진개별입지,(주)올그린텍,전라북도 전주시 덕진구 신복로 21 (팔복동1가) (총 3 필지),자동차 차체부품
705,덕진개별입지,(주)올그린텍,전라북도 전주시 덕진구 신복2길 8-2 (팔복동1가),마스크
706,덕진개별입지,(주)와우,"전라북도 전주시 덕진구 상리1길 34, 별관4동 (팔복동2가)","차양,조립식구조물,자전거보관대,디자인형울타리,금속재기타울타리,금속구조물,창호공사업,가로등주"
707,덕진개별입지,(주)우성철강,전라북도 전주시 덕진구 여의동 837-1번지,철근가공품
708,덕진개별입지,(주)우존,전라북도 전주시 덕진구 서귀로 183 (여의동),디딤타일
709,덕진개별입지,(주)웰정보통신,전라북도 전주시 덕진구 전미로 269 (전미동2가),"CCTV,교통신호등,전광판,차량검지기"
710,덕진개별입지,(주)윈테크보안시스템,전라북도 전주시 덕진구 견훤로 352 (우아동3가),"통신기기, CCTV부품"
711,덕진개별입지,(주)유엔씨,"전라북도 전주시 덕진구 기린대로 452, 2층 203호 (덕진동1가)",청진기(전기식)
712,덕진개별입지,(주)이오렉스,전라북도 전주시 덕진구 비석날로 51 (여의동),부식억제장치
713,덕진개별입지,(주)전일특수금속,전라북도 전주시 덕진구 유제로 45-3 (여의동),공작기계부품
714,덕진개별입지,(주)전주수산,전라북도 전주시 덕진구 도덕동 231-3번지,생어묵
715,덕진개별입지,(주)전주주조,"전라북도 전주시 덕진구 신성길 25-31 (성덕동, 주식회사 전주주조)",탁주
716,덕진개별입지,(주)제이크린베리너리,"전라북도 전주시 덕진구 혁신로 401, 바이오식품 406호,407호 (장동, 전북생물산업진흥원)","복분자씨유,과채주스,음료,가공품과자류,빵류"
717,덕진개별입지,(주)제일 덕진지점,전라북도 전주시 덕진구 편운로 29-5 (동산동),유아동 의복
718,덕진개별입지,(주)제일 전주지점,전라북도 전주시 덕진구 초포다리로 43 (호성동1가),"스포츠의류, 내의"
719,덕진개별입지,(주)제일출판,전라북도 전주시 덕진구 원만성로 87 (팔복동2가),신문인쇄
720,덕진개별입지,(주)좋은사람들,전라북도 전주시덕진구 우아동3가 262-9번지 외 1필지,남여내의
721,덕진개별입지,(주)지로드,전라북도 전주시 덕진구 덕촌길 43 (팔복동3가),교통안전시설물
722,덕진개별입지,(주)지인스건설,전라북도 전주시 덕진구 신흥안길 56 (고랑동),"각재, 판재 가공목재 금속 공작물"
723,덕진개별입지,(주)착한음식,전라북도 전주시 덕진구 비석날로 59-11 (여의동),즉석발열용기 및 식품
724,덕진개별입지,(주)찬드림,전라북도 전주시 덕진구 신성길 80 (성덕동),"채소가공품,김치,무장아찌"
725,덕진개별입지,(주)창해에탄올,"전라북도 전주시 덕진구 원만성로 15,  여의동815-2,807-1,834번지 (팔복동3가)",주정
726,덕진개별입지,(주)창해이엔지,전라북도 전주시 덕진구 원만성로 15 (팔복동3가),금속탱크
727,덕진개별입지,(주)천년미소전통식품,전라북도 전주시 덕진구 오신2길 46-18 (성덕동) 외 5필지,순대
728,덕진개별입지,(주)천우에스엔씨,전라북도 전주시 덕진구 신복천변1길 16 (팔복동1가),"건축용철골,리프트"
729,덕진개별입지,(주)천호산업,전라북도 전주시 덕진구 비석날로 59-11 (여의동),"태양열집열기,운수기"
730,덕진개별입지,(주)청송스틸,전라북도 전주시 덕진구 하오리길 10 (전미동1가),"칼라강판, 기와강판, 징크강판, PE폼강판"
731,덕진개별입지,(주)캐비젠,"전라북도 전주시 덕진구 혁신로 399,  전라북도생물산업진흥원 205호 (장동)",화장품
732,덕진개별입지,(주)캠스텍,전라북도 전주시 덕진구 상리로 1 (팔복동2가),"분무기(농업용,방역용)"
733,덕진개별입지,(주)케미드,전라북도 전주시 덕진구 여산로 88-8 (여의동),N.P.SOL
734,덕진개별입지,(주)코엔,전라북도 전주시 덕진구 원만성로 59 (팔복동3가),이음관
735,덕진개별입지,(주)큐브텍,전라북도 전주시 덕진구 원화전1길 57-128 (반월동),창호 제조업
736,덕진개별입지,(주)큐컴아이,"전라북도 전주시 덕진구 상리1길 34,  희망전북창업보육센터 209호 (팔복동2가)",LED평판조명기구
737,덕진개별입지,(주)타임캐슬,전라북도 전주시 덕진구 와룡로 95-46 (송천동2가),유아용의복
738,덕진개별입지,(주)태광기업,"전라북도 전주시 덕진구 기린대로 256, 4층 (진북동)",의자 외 사무가구
739,덕진개별입지,(주)태광로드텍,전라북도 전주시 덕진구 용암길 52-5 (반월동),가로등지주대
740,덕진개별입지,(주)태일기계,전라북도 전주시 덕진구 감수길 30-12 (팔복동4가),"전동사출형기조립, 산업기계부품"
741,덕진개별입지,(주)태평양이엔지,전라북도 전주시 덕진구 신흥마을길 15 (고랑동),냉동장비
742,덕진개별입지,(주)테크원,전라북도 전주시 덕진구 동부대로 217 (우아동1가),광고물
743,덕진개별입지,(주)티디일렉스,전라북도 전주시 덕진구 양마마을길 23 (여의동),무정전전원장치
744,덕진개별입지,(주)티엔티리써치,전라북도 전주시 덕진구 원장동길 102 (장동),"분석용 시약, 실험실용 조제 시약"
745,덕진개별입지,(주)티엠시,"전라북도 전주시 덕진구 유상로 67, 전주기계탄소기술원 207호 (팔복동2가)","자동차엔진부품,소결부시,복합소결부시,내마모타펫,이중관"
746,덕진개별입지,(주)파로스,"전라북도 전주시 덕진구 오공로 132, 502호 (만성동)","CCTV, 항체보안정비 등"
747,덕진개별입지,(주)팬포머,"전라북도 전주시 덕진구 상리1길 34, 전북대학교 희망전북창업보육센터 별관3동 (팔복동2가)",살균기(자외선)
748,덕진개별입지,(주)평화공업,전라북도 전주시 덕진구 추천로 47 (팔복동3가),자동차부품
749,덕진개별입지,(주)폴리켐코리아,전라북도 전주시 덕진구 추천로 293 (팔복동1가),내스크래치 개선제
750,덕진개별입지,(주)푸드몬스터,"전라북도 전주시 덕진구 천마산로 65, 201호 (송천동2가)",도시락
751,덕진개별입지,(주)피치케이블,"전라북도 전주시 덕진구 팔복로 17-6, 3동 (팔복동2가)","탄소발열벤치,스노멜팅매트,탄소발열방석,눈및얼음융해장치"
752,덕진개별입지,(주)필자임,전라북도 전주시 덕진구 신복로 18-12 (팔복동1가),"보조사료,탈취제,토양개량제,미생물발효배양기"
753,덕진개별입지,(주)하나종합주방설비,"전라북도 전주시 덕진구 여산로 82,  여의동751-1 (여의동)",공장용 주방기기
754,덕진개별입지,(주)하서방식품,전라북도 전주시 덕진구 인교9길 5 (우아동1가),면류
755,덕진개별입지,(주)하우앳,전라북도 전주시 덕진구 안전로 152 (중동) 202호,무선영상전송장치
756,덕진개별입지,(주)헬셀 전주공장,"전라북도 전주시 덕진구 유상로 67, 공장 7동 (팔복동2가)",조립식무선조종체
757,덕진개별입지,(주)헬스뱅카,"전라북도 전주시 덕진구 상리1길 34, 희망전북창업보육센터 205호 (팔복동2가)",휴대성 마사지 운동기구
758,덕진개별입지,(주)현솔,전라북도 전주시 덕진구 신복로 102-21 (팔복동4가),동박 및 섬유 생산설비
759,덕진개별입지,(주)홈에디션명진,전라북도 전주시 덕진구 추천로 237 (팔복동1가),"고무장갑,고무장화,면장갑"
760,덕진개별입지,(주)화인텍,"전라북도 전주시 덕진구 유상로 49 (팔복동2가, 뉴파워플라즈마)",전기전자부품
761,덕진개별입지,(주)흥산화성,전라북도 전주시 덕진구 추천로 365 (팔복동4가),지방산에스테르유
762,덕진개별입지,(주)힉스프로,전라북도 전주시 덕진구 신복천변1길 14-39 (팔복동1가),"열교환기, 트랙터 랙"
763,덕진개별입지,1급 대현자동차공업사,전라북도 전주시 덕진구 원만성로 49 (팔복동3가) 외 2필지,차체 및 워셔액
764,덕진개별입지,21세기산업개발,전라북도 전주시 덕진구 반암3길 24 (우아동3가),광고물
765,덕진개별입지,BJTEK,전라북도 전주시 덕진구 팔복로 241 (여의동),서지보호기
766,덕진개별입지,JB한라유통,전라북도 전주시 덕진구 초당길 38 (호성동1가),육류가공
767,덕진개별입지,M산업,전라북도 전주시 덕진구 원산정길 123 (산정동),금속조립구조재
768,덕진개별입지,가림창호,전라북도 전주시 덕진구 고내로 40-36 (송천동2가),플라스틱창호제품
769,덕진개별입지,가야테크,전라북도 전주시 덕진구 신흥마을길 119 (고랑동),건축용 금속 가공제품
770,덕진개별입지,가원종합주방,전라북도 전주시 덕진구 신복로 68-3 (팔복동1가),업소용 주방기구
771,덕진개별입지,가을,전라북도 전주시 덕진구 전미월평2길 6 (전미동2가),"CCTV, 음향장비"
772,덕진개별입지,가인금속,전라북도 전주시 덕진구 한내로 17 (팔복동4가),건축용 금속가공제품
773,덕진개별입지,강인목재,전라북도 전주시 덕진구 가소길 2 (금상동),목재문
774,덕진개별입지,강인목재,전라북도 전주시 덕진구 가소길 11-2 (금상동),"목창호, 문틀"
775,덕진개별입지,거문예석,전라북도 전주시 덕진구 온고을로 533 (여의동),석제품(조형물)
776,덕진개별입지,검상전력,전라북도 전주시 덕진구 삼례로 77-14 (반월동),배전반및전기 자동제어반. 무정전 전원장치
777,덕진개별입지,경일화학공업사,전라북도 전주시 덕진구 추천로 25-1 (팔복동3가),볼펜대
778,덕진개별입지,경진섬유,전라북도 전주시 덕진구 쪽구름2길 23 (반월동),내의 및 잠옷
779,덕진개별입지,고감한지&페이퍼,전라북도 전주시 덕진구 반암3길 31-1 (우아동3가),한지류
780,덕진개별입지,고려기획,전라북도 전주시 덕진구 동부대로 744-19 (우아동3가),천막
781,덕진개별입지,고려자연식품(주),전라북도 전주시 덕진구 여실길 34 (여의동),액상차류등
782,덕진개별입지,관광닛블공구,전라북도 전주시 덕진구 신복로 45 (팔복동1가),"고압호스, 와이어"
783,덕진개별입지,광우산업,전라북도 전주시 덕진구 구주길 12 (팔복동2가),자물쇠 및 열쇄도금
784,덕진개별입지,광전자정밀(주),전라북도 전주시 덕진구 신성길 133 (화전동),"검사기기, 통신기기"
785,덕진개별입지,광현시스템,전라북도 전주시 덕진구 신복로 114 (팔복동4가),공조기기장비 제어장치
786,덕진개별입지,국제중기정비공업사,전라북도 전주시 덕진구 추천로 25-15 (팔복동3가),건설기계부품
787,덕진개별입지,그린나노바이오텍,"전라북도 전주시 덕진구 권삼득로 308,  전북대 창업보육2센터 307 (덕진동1가)","단미사료, 미량요소비료"
788,덕진개별입지,그린버티칼,전라북도 전주시 덕진구 두간3길 8-9 (송천동1가),"롤스크린, 블라인드, 커튼"
789,덕진개별입지,극동간판,전라북도 전주시 덕진구 전주천동로 500 (금암동),간판 및 광고물
790,덕진개별입지,금강실업,"전라북도 전주시 덕진구 백제대로 651 (금암동, ID피시방)","내의류,임가공"
791,덕진개별입지,금광산업,전라북도 전주시 덕진구 유제로 46 (여의동),가공공작기계 및 부품
792,덕진개별입지,금성하이테크,전라북도 전주시 덕진구 도당산로 31 (우아동3가),"커튼, 버티칼, 롤스크린"
793,덕진개별입지,금양기계,전라북도 전주시 덕진구 감수길 30-14 (팔복동4가),사출기 부품가공
794,덕진개별입지,금정,"전라북도 전주시 덕진구 백제대로 825, 3층 (우아동3가, 동방여행사)",논슬립(미끄럼방지)
795,덕진개별입지,기린산소,전라북도 전주시 덕진구 추천로 177-8 (팔복동1가),산소
796,덕진개별입지,기영산업,전라북도 전주시 덕진구 삼거1길 18-35 (금상동),가로등주 신호등주 등
797,덕진개별입지,꿈나무식품,전라북도 전주시 덕진구 우아8길 17 (우아동3가),"참기름, 들깨가루, 볶음참깨 등"
798,덕진개별입지,나눔정밀,"전라북도 전주시 덕진구 감수길 30-20, 2동 (증축동) (팔복동4가)",수소연료 전기자동차 및 CNG연료 탱크 노즐
799,덕진개별입지,나라바이오(주),전라북도 전주시 덕진구 반룡로 158-9 (여의동),"유기농자재(작목생육용,병해충관리용)기타화학비료, 단미사료"
800,덕진개별입지,나무갤러리,전라북도 전주시 덕진구 온고을로 287 (팔복동3가) (총 2 필지) 외 1필지,가구제작(각종가구)
801,덕진개별입지,나성산업,전라북도 전주시 덕진구 매봉11길 29 (금암동),"채널, 간판, 현수막, 아크릴 가공"
802,덕진개별입지,남성 티피씨,전라북도 전주시 덕진구 양마마을길 34 (여의동),미끄럼 방지 포장제
803,덕진개별입지,남양컨테이너,전라북도 전주시 덕진구 정여립로 886-1 (만성동),사무실용 컨테이너
804,덕진개별입지,남양하우징,전라북도 전주시 덕진구 만성동 707-15번지,컨테이너
805,덕진개별입지,네오캠핑카,전라북도 전주시 덕진구 용덕길 5-13 (용정동),"캠핑카, 캠핑트레일러"
806,덕진개별입지,농업회사법인 유한회사 다산,전라북도 전주시 덕진구 신성길 51 (성덕동),닭고기
807,덕진개별입지,농업회사법인 유한회사 지리산잎새삼,전라북도 전주시 덕진구 동부대로 732-13 (우아동3가),"경옥고차, 황제옥고"
808,덕진개별입지,농업회사법인 자연드림 유한회사,전라북도 전주시 덕진구 성덕동 174-15번지,과실 채소 가공 제품
809,덕진개별입지,농업회사법인 자연애 유한회사,"전라북도 전주시 덕진구 용흥길 18-4, 2층 (송천동2가)",친환경 나물
810,덕진개별입지,농업회사법인 주식회사 유화당,"전라북도 전주시 덕진구 추탄로 48, 1층 (덕진동2가)","참기름, 들기름 등"
811,덕진개별입지,농업회사법인 주식회사 피그뱅크 성덕동 덕진지점,전라북도 전주시 덕진구 신성길 31-38 (성덕동),"양념육, 육수티백, 소스"
812,덕진개별입지,농업회사법인(유)소양,전라북도 전주시 덕진구 금상동 1288-3번지 외 1필지,구운계란
813,덕진개별입지,농업회사법인(주)디자인농부,전라북도 전주시 덕진구 도강길 1-130 (도도동),미숫가루 외
814,덕진개별입지,농업회사법인(주)에파솔,"전라북도 전주시 덕진구 백제대로 567, 2층 207호(전북대학교 농업생명과학대학 부속농장) (금암동)",식물성유지
815,덕진개별입지,농업회사법인(주)이삭,"전라북도 전주시 덕진구 신성길 55, (성덕동 173-18) (성덕동)",우리밀 국수
816,덕진개별입지,농업회사법인(주)케이푸드,전라북도 전주시 덕진구 신성길 88 (성덕동),전차리농산물. 건나물및 건채소
817,덕진개별입지,농업회사법인(주)푸드네이처,"전라북도 전주시 덕진구 원장동길 111-18, 8동110호(전북생물산업진흥원,바이오플렉스) (장동)","액상추출물, 분말류"
818,덕진개별입지,뉴에너지 주식회사,전라북도 전주시 덕진구 인교7길 23 (우아동1가),LED 조명기구
819,덕진개별입지,다소니,전라북도 전주시 덕진구 상리1길 34 (팔복동2가) 희망전북창업보육센터 202호,탄소유모차커버
820,덕진개별입지,대광기획광고,전라북도 전주시 덕진구 안덕원로 19 (진북동),간판.광고물
821,덕진개별입지,대림산업,전라북도 전주시 덕진구 신흥안길 54 (고랑동),금속가공품
822,덕진개별입지,대림정공,전라북도 전주시 덕진구 여산로 74-19 (여의동),"플로어힌지, 일반철물"
823,덕진개별입지,대림정공,전라북도 전주시 덕진구 신복천변1길 31 (팔복동1가),창호용 암
824,덕진개별입지,대림흑판,전라북도 전주시 덕진구 인후5길 6-31 (인후동1가),흑판 및 교구
825,덕진개별입지,대명건철,전라북도 전주시 덕진구 원산정길 17-1 (산정동) 외 1필지,금속절단절곡샤링
826,덕진개별입지,대명기업,전라북도 전주시 덕진구 감수길 30-12 (팔복동4가),금속가공제품
827,덕진개별입지,대성스틸,전라북도 전주시 덕진구 사거리길 18 (호성동1가),산업용 금속구조제품
828,덕진개별입지,대성자원개발주식회사 전주지점,전라북도 전주시 덕진구 원만성로 37-10 (여의동),"액상소석회, 액상수산화마그네슘"
829,덕진개별입지,대수바이오테크,전라북도 전주시 덕진구 상리6길 18 (팔복동2가),수처리제
830,덕진개별입지,대승,"전라북도 전주시 덕진구 암실길 115, 1동 (반월동)",원예용 기계
831,덕진개별입지,대신기계,전라북도 전주시 덕진구 서귀로 150 (여의동),기계부품 기어
832,덕진개별입지,대양물산(주),전라북도 전주시 덕진구 원화전1길 57-98 (반월동),"플라스틱제품, 벨트"
833,덕진개별입지,대양미트 주식회사,전라북도 전주시 덕진구 오신2길 27 (성덕동),"돈육, 우육, 계육"
834,덕진개별입지,대진산업,전라북도 전주시 덕진구 서당길 6 (용정동) 외 2필지,건축용 금속 가공제품
835,덕진개별입지,대진식품,"전라북도 전주시 덕진구 추천로 217-14, 대진식품 (팔복동1가)",조청엿
836,덕진개별입지,대창목재,전라북도 전주시 덕진구 원산정길 18 (산정동),"목재가구,창틀제작"
837,덕진개별입지,대풍바이오,"전라북도 전주시 덕진구 혁신로 399,  전북생물산업진흥원207호 (장동)",기타비료
838,덕진개별입지,대학문화사,전라북도 전주시 덕진구 삼송3길 46 (금암동),"인쇄, 도서출판"
839,덕진개별입지,대한사료(주) 전주공장,전라북도 전주시 덕진구 서귀로 186 (여의동),동물용 사료
840,덕진개별입지,대한시앤시,전라북도 전주시 덕진구 신복천변3길 38 (팔복동1가),"종이가공품,초배지,씽지등"
841,덕진개별입지,대호무역 주식회사,전라북도 전주시 덕진구 기린대로 662 (팔복동2가),내의류
842,덕진개별입지,대흥금속,전라북도 전주시 덕진구 쪽구름로 167 (반월동),금속 도어
843,덕진개별입지,대흥정판사,전라북도 전주시 덕진구 매봉15길 8 (금암동),인쇄업
844,덕진개별입지,대흥포장(주),전라북도 전주시 덕진구 덕촌길 25 (팔복동3가),"종이도시락, 종이트레이 등"
845,덕진개별입지,덕진철망,전라북도 전주시 덕진구 팔과정로 199 (팔복동4가) 외 1필지,"플레타이, 와이어매쉬, 휀스"
846,덕진개별입지,동산포리머,전라북도 전주시 덕진구 추천로 25-1 (팔복동3가),포리머테이프(보온테이프)
847,덕진개별입지,동양강철이지폴딩전주대리점,전라북도 전주시 덕진구 초포다리로 106-20 (호성동1가),플라스틱창호
848,덕진개별입지,동양화학,전라북도 전주시 덕진구 팔복5길 41-14 (팔복동2가),볼펜대
849,덕진개별입지,동원기업사,전라북도 전주시덕진구 진북동 417-32번지,교구 및 체육기구
850,덕진개별입지,동하산업,전라북도 전주시 덕진구 신흥안길 55-21 (고랑동),콘크리트 블럭
851,덕진개별입지,동화전산(주),전라북도 전주시 덕진구 상리로 40-1 (팔복동2가),전산용지
852,덕진개별입지,두고ENG,전라북도 전주시 덕진구 전미중앙로 202 (전미동1가),금속조립구조
853,덕진개별입지,두산특장차,전라북도 전주시 덕진구 원동로 258 (장동) (총 2 필지) 외 1필지,차량탱크
854,덕진개별입지,두인기획,전라북도 전주시 덕진구 무삼지2길 10-3 (인후동1가),"출판물, 홍보물"
855,덕진개별입지,두현푸드,전라북도 전주시 덕진구 지행당길 128-14 (호성동1가),가금류가공및 저장처리업
856,덕진개별입지,디자인 긱스,전라북도 전주시 덕진구 산정동 297-4번지,"주방가구(씽크대,붙박이장)"
857,덕진개별입지,디지털코리아,"전라북도 전주시 덕진구 전주천동로 475 (금암동, 우리만두)","구내방송장치, LED전광판"
858,덕진개별입지,라인광고산업,전라북도 전주시 덕진구 안덕원로 26 (진북동),"간판, 실사출력, 표지판 등"
859,덕진개별입지,렉스젠(주)3공장,"전라북도 전주시 덕진구 암실길 52, 1동 (반월동)",금속기둥 철구조물
860,덕진개별입지,르네건설 주식회사,"전라북도 전주시 덕진구 팔복로 252-9, 1층 (여의동)","OA가구, OA칸막이"
861,덕진개별입지,리더스,전라북도 전주시 덕진구 신흥마을길 120 (고랑동),필기구
862,덕진개별입지,리온테크놀로지,"전라북도 전주시 덕진구 혁신로 401,  산업혁신센터 304호 (장동)",신체보정용 의료기기
863,덕진개별입지,마밍스(주),전라북도 전주시 덕진구 원만성로 23 (팔복동3가),공기청정기 필터류
864,덕진개별입지,마운틴,전라북도 전주시 덕진구 안덕원로 107 (진북동),근무복.셔츠
865,덕진개별입지,만보컴퍼니,전라북도 전주시 덕진구 인교6길 4-1 (우아동1가),농약분무기
866,덕진개별입지,메이커어닝,전라북도 전주시 덕진구 용덕길 5-11 (용정동),어닝 및 차양제품
867,덕진개별입지,메이크밸리,"전라북도 전주시 덕진구 상리1길 34, 203호 (팔복동2가, 희망전북창업보육센터) (팔복동2가)",스마트홈 허브
868,덕진개별입지,명광전자,"전라북도 전주시 덕진구 상리1길 34, 203호 (팔복동2가)","LED조명, LED전광판"
869,덕진개별입지,명성사,전라북도 전주시 덕진구 가재미3길 6-4 (인후동1가),인쇄물
870,덕진개별입지,명신섬유,전라북도 전주시 덕진구 안골1길 17 (인후동1가),남여내의
871,덕진개별입지,명품버스 인테리어,전라북도 전주시 덕진구 원동로 258 (장동),자동차 부품
872,덕진개별입지,미동체어,전라북도 전주시 덕진구 신성길 59 (성덕동),사무용 의자 및 가구
873,덕진개별입지,미래테크,전라북도 전주시 덕진구 삼례로 77 (반월동),"자동차부품,LS농기계금형,건설부자재"
874,덕진개별입지,미르기계,"전라북도 전주시 덕진구 여산로 88-22, 3동 (여의동)","공구거치대, 만능면취기, 기계부품, 정밀 가공품 외"
875,덕진개별입지,미성산업,전라북도 전주시 덕진구 신복천변3길 12 (팔복동1가),침구세트. 베게포. 섬유제품 정련 표백
876,덕진개별입지,미성전기제작소,전라북도 전주시 덕진구 신복천변1길 33 (팔복동1가),수배전반
877,덕진개별입지,믿음기업,전라북도 전주시 덕진구 초당길 60-43 (호성동1가),금속조립구조재제조업
878,덕진개별입지,바다ENG,전라북도 전주시 덕진구 장동 607-5번지,제어반 및 전기 자동 제어반
879,덕진개별입지,바다정수산업(주),전라북도 전주시 덕진구 원만성로 5 (만성동),"산업용정수기휠터,오폐수처리기계"
880,덕진개별입지,바다정수산업(주),전라북도 전주시 덕진구 장동 608-5번지,정수기. 폐수처리기
881,덕진개별입지,바론네이처,"전라북도 전주시 덕진구 반룡로 151, 3.4동 (여의동)",NS포대유청
882,덕진개별입지,바울석재,전라북도 전주시 덕진구 원만성로 83-1 (팔복동2가),"석제품, 경계석 등"
883,덕진개별입지,반월금호주방,전라북도 전주시 덕진구 삼례로 144 (고랑동),업소용 씽크대. 조리대
884,덕진개별입지,뱅크정밀,"전라북도 전주시 덕진구 유상로 67,  기계탄소기술원 1층 M/S-1, 2 (팔복동2가)",금형.기계부품가공.브레이크헷파트
885,덕진개별입지,번영식품농축산회사법인 전주대리점,전라북도 전주시덕진구 성덕동 4번지,단체급식용 식자재
886,덕진개별입지,베스트주식회사,전라북도 전주시 덕진구 쪽구름5길 52 (동산동),자동제어반
887,덕진개별입지,보현,전라북도 전주시 덕진구 여산로 130-16 (여의동),"의류(유,아동복)"
888,덕진개별입지,부영철강(주) 2공장,전라북도 전주시 덕진구 신복로 18-13 (팔복동1가),"자동차부품, 농기계부품, 태양광설비부품"
889,덕진개별입지,부영철강주식회사,전라북도 전주시 덕진구 신복로 18-14 (팔복동1가),"자동차부품,농기계부품,태양광설비부품"
890,덕진개별입지,부원상사,전라북도 전주시 덕진구 팔복로 251-5 (여의동),건설기계부품
891,덕진개별입지,북전주콘크리트,전라북도 전주시 덕진구 팔복동4가 960-70번지,"벽돌, 블록"
892,덕진개별입지,비전기획 인쇄,전라북도 전주시 덕진구 아중중앙로 41 (우아동2가),프린트 인쇄
893,덕진개별입지,비케이시(BKC),"전라북도 전주시 덕진구 유상로 67, 전주첨단벤처단지 12동 (팔복동2가)","LED조명, 반도체장비"
894,덕진개별입지,사)5.18민주화운동부상자회 공동사업본부,전라북도 전주시 덕진구 전진로 10-13 (산정동),의류
895,덕진개별입지,사)베트남 참전 전우회,전라북도 전주시 덕진구 상리4길 22 (팔복동2가) 2층,체육복
896,덕진개별입지,사단법인 다올장애인협회 디오텍,"전라북도 전주시 덕진구 원화전1길 57-132 (반월동) 1동,2동","무대장치, 수처리기계, 밸브, 무대조명장치 등"
897,덕진개별입지,사단법인 참복지,"전라북도 전주시 덕진구 서당길 37, 1층 1호 (용정동)",화장지
898,덕진개별입지,산들영농조합법인,전라북도 전주시 덕진구 신성길 149 (화전동),"쌀,찹쌀,잡곡등"
899,덕진개별입지,삼강컨벤션시스템,전라북도 전주시 덕진구 온고을로 286 (팔복동3가),"이브자리,커튼,블라인드,버티컬 등"
900,덕진개별입지,삼남도정공장,전라북도 전주시 덕진구 동산동 379번지,양곡도정
901,덕진개별입지,삼성 ENG,전라북도 전주시 덕진구 성곡길 16-4 (성덕동),"배전반, 자동제어반"
902,덕진개별입지,삼성산업,전라북도 전주시 덕진구 감수길 10-10 (팔복동4가),플라스틱제품
903,덕진개별입지,삼성씨엔에스(주),전라북도 전주시 덕진구 기린대로 383 (금암동),"컴퓨터, 음향기기(스피커), 패치판넬"
904,덕진개별입지,삼성자동문,전라북도 전주시 덕진구 신복1길 16-1 (팔복동1가),셔터문.자동문.
905,덕진개별입지,삼인이엔지,전라북도 전주시 덕진구 강구레길 256 (전미동2가),금속조립구조재금속가공제품
906,덕진개별입지,삼화정밀,전라북도 전주시 덕진구 상리로 30 (팔복동2가),금속공작물
907,덕진개별입지,새롬기업,전라북도 전주시 덕진구 편운로 52 (동산동),"사무용가구,부엌가구"
908,덕진개별입지,서인,전라북도 전주시 덕진구 인봉3길 51-1 (인후동1가),"제본물, 인쇄물"
909,덕진개별입지,선정아이텍,전라북도 전주시 덕진구 반월동 30-4번지,로봇그리퍼각종콘베어제어판넬
910,덕진개별입지,성역ENG,전라북도 전주시 덕진구 신성길 19 (성덕동),"농업용필름, 중공성형기"
911,덕진개별입지,성완실업,전라북도 전주시 덕진구 무삼지5길 12-3 (인후동1가),내의류 등
912,덕진개별입지,성주산업,전라북도 전주시 덕진구 삼례로 53 (반월동),PVC 창호재 생산
913,덕진개별입지,성진인쇄사,전라북도 전주시 덕진구 공북5길 33-2 (진북동),인쇄
914,덕진개별입지,세기건설산업,전라북도 전주시 덕진구 새논밭길 3 (호성동1가),PVC창호
915,덕진개별입지,세림기계,전라북도 전주시 덕진구 감수길 30-16 (팔복동4가) 외 1필지,사출기부품가공(LS 엠트론)
916,덕진개별입지,세신정공,전라북도 전주시 덕진구 팔과정로 155-1 (동산동),금속가공품
917,덕진개별입지,세원기계주식회사,전라북도 전주시 덕진구 성덕동 509-18번지,"빨래건조대, 파이프 가공 등"
918,덕진개별입지,세일석재,전라북도 전주시 덕진구 비석날로 59-21 (여의동) 외 1필지,석기
919,덕진개별입지,세진기계,전라북도 전주시 덕진구 원화전1길 57-74 (반월동),"자동계량포장기, 로봇팔렛타이징시스템"
920,덕진개별입지,세환섬유,전라북도 전주시 덕진구 와룡3길 4 (송천동2가),유아복
921,덕진개별입지,센추리테크(주),전라북도 전주시 덕진구 팔복로 203 (팔복동3가),"냉동기, 냉난방기, 냉동부속품"
922,덕진개별입지,송연,전라북도 전주시 덕진구 용정동 33-1번지,배전반 및 자동제어반
923,덕진개별입지,송천정미소,전라북도 전주시 덕진구 전미중앙로 50 (전미동2가),곡물도정
924,덕진개별입지,송학산업,전라북도 전주시 덕진구 서귀로 180-4 (여의동),플라스틱필름
925,덕진개별입지,수도종합광고,전라북도 전주시 덕진구 기린대로 266 (진북동),간판 및 광고물
926,덕진개별입지,수테크,전라북도 전주시 덕진구 신성길 19-1 (성덕동),액체여과기
927,덕진개별입지,시그마웰,"전라북도 전주시 덕진구 조경단로 44, 2층 (금암동)",교구용 보드게임
928,덕진개별입지,신세계광고기획,전라북도 전주시 덕진구 정언신로 37 (인후동1가),광고물
929,덕진개별입지,신안전기제작소,전라북도 전주시 덕진구 신복1길 32 (팔복동1가),전기배전반
930,덕진개별입지,신영 주식회사,전라북도 전주시 덕진구 원만성로 21-28 (여의동),재활용 플라스틱 제품
931,덕진개별입지,신진에너텍,전라북도 전주시 덕진구 하오용흥길 18-7 (호성동3가),냉동냉장장비
932,덕진개별입지,신한블라인드,전라북도 전주시 덕진구 심방죽로 56 (인후동1가),"커튼, 롤스크린, 버티컬"
933,덕진개별입지,신한테크(주),전라북도 전주시 덕진구 신복로 18 (팔복동1가),고무제품
934,덕진개별입지,씨비아이주식회사,"전라북도 전주시 덕진구 팔복로 252-9, 공장 B동 (여의동, 엔비오코리아(주))",공공시설물
935,덕진개별입지,씨에프씨특장,전라북도 전주시 덕진구 팔복로 233 (여의동),차체 및 특장차
936,덕진개별입지,아기사랑,전라북도 전주시 덕진구 추천5길 10 (팔복동2가),유아용내의
937,덕진개별입지,아리올라이팅,"전라북도 전주시 덕진구 팔복로 252-9, 공장 B동 (여의동, 엔비오코리아(주))","가로등주, 조명기구 등"
938,덕진개별입지,아이넥터(i-nector),전라북도 전주시 덕진구 오공로 43-40 (중동) 2층,가구
939,덕진개별입지,아이숲컴퍼니,전라북도 전주시 덕진구 고랑동 332-1번지,"내의,런닝,팬티,즈로즈"
940,덕진개별입지,아이씨엠 주식회사,전라북도 전주시 덕진구 안덕원로 106-3 (진북동),CCTV
941,덕진개별입지,아이에스LED,전라북도 전주시 덕진구 새논밭길 21 (호성동1가),LED전광판
942,덕진개별입지,아이에스피케미칼,전라북도 전주시 덕진구 팔복로 201 (팔복동3가),자동차내장재페인트
943,덕진개별입지,아이키즈,전라북도 전주시 덕진구 사평로 5-31 (덕진동1가),유아복
944,덕진개별입지,안전정밀,"전라북도 전주시 덕진구 유상로 67,  전주첨단벤처단지7동 (팔복동2가)",자동차부품제조
945,덕진개별입지,알에스티,"전라북도 전주시 덕진구 상리1길 34, 103호 (팔복동2가)","LED 조명, 의료용센서"
946,덕진개별입지,에스디테크,"전라북도 전주시 덕진구 암실길 81, 제1-A동 (반월동)","무대장치, 무대조명, 커튼"
947,덕진개별입지,에스엠미디어테크,전라북도 전주시 덕진구 호성동3가 104-12번지,스피커 케이스 제작
948,덕진개별입지,에스제이테크,전라북도 전주시 덕진구 전미동1가 331-1번지,구조물. 금속탱크
949,덕진개별입지,에스지테크,전라북도 전주시덕진구 반월동 31-11,금속구조물
950,덕진개별입지,에이스베이직학생복,"전라북도 전주시 덕진구 기린대로 273, 2층 (진북동)",학생복 및 체육복
951,덕진개별입지,에이스종합광고,전라북도 전주시 덕진구 우아동3가 206번지 외 1필지,"LED 광고판, 현수막"
952,덕진개별입지,에코상사,전라북도 전주시 덕진구 반월동 2-1번지 2-2,목재문
953,덕진개별입지,엔에프케이,전라북도 전주시 덕진구 팔과정로 171 (동산동),"청소기,고압세척기"
954,덕진개별입지,엔지니어스(주),전라북도 전주시 덕진구 원만성로 21-28 (여의동),토양안정화개량제
955,덕진개별입지,엘펙,"전라북도 전주시 덕진구 백제대로 567 (덕진동1가, 전북대학교)","LED조명, 광센서모듈"
956,덕진개별입지,엠테크,전라북도 전주시 덕진구 용정동 281-37번지,금속조립구조재
957,덕진개별입지,연수산업,전라북도 전주시 덕진구 원동 574-1번지 외 2필지,태양광 지지대 브라켓 및 철재 플랜트 
958,덕진개별입지,영농조합법인 애농,전라북도 전주시 덕진구 수리재길 48 (금상동),도시락
959,덕진개별입지,영림NCT,전라북도 전주시 덕진구 고랑동 286-2번지,금속판제품. 차량용 금속판제품
960,덕진개별입지,영재쇼파,"전라북도 전주시 덕진구 안덕원3길 40, 1층 (우아동3가)","가구, 소파"
961,덕진개별입지,영진산업,전라북도 전주시 덕진구 신흥마을길 155-10 (고랑동),비금속광물 분쇄
962,덕진개별입지,예성LED채널,전라북도 전주시덕진구 호성동1가 637-5 번지,"광고물, 간판"
963,덕진개별입지,예스기획,"전라북도 전주시 덕진구 백제대로 645 (금암동, 유니베라)",인쇄.제본.복사
964,덕진개별입지,오렌지콘테이너하우스,전라북도 전주시 덕진구 온고을로 523 (여의동) 외 5필지,이동식콘테이너
965,덕진개별입지,온누리어닝,전라북도 전주시 덕진구 원산정길 135-17 (산정동),천막및기타캔버스제품제조업
966,덕진개별입지,와이제이샷시,전라북도 전주시 덕진구 성덕동 76-6번지 외 1필지,"창호, 샷시, 구조용 금속제품"
967,덕진개별입지,우드토탈,전라북도 전주시 덕진구 상리4길 10 (팔복동2가),"사무용가구,목공예,싱크대,창호"
968,덕진개별입지,우리테크,전라북도 전주시 덕진구 야전2길 43-1 (팔복동4가),이온화식 수처리기 기계제작
969,덕진개별입지,우리화학,전라북도 전주시 덕진구 용정길 61 (여의동),비닐봉투
970,덕진개별입지,우림이엔지,전라북도 전주시 덕진구 호성동1가 472-2번지,건축용 금속가공제품
971,덕진개별입지,우신주방,"전라북도 전주시 덕진구 추천로 443-8,  외1필지 (팔복동4가)",주방용기
972,덕진개별입지,우정정공,전라북도 전주시 덕진구 감수길 30-20 (팔복동4가),사출기계부품
973,덕진개별입지,원일수지,전라북도 전주시 덕진구 감수길 30-54 (팔복동4가),난좌
974,덕진개별입지,웹프라이스(주),전라북도 전주시덕진구 우아동3가 285-1번지 4.5층,가정용 가구 및 생활용품
975,덕진개별입지,윈체어,전라북도 전주시 덕진구 쪽구름로 100-7 (반월동) 3동,의자
976,덕진개별입지,유광이엔지,전라북도 전주시 덕진구 성덕동 82-1번지 외 2필지,금속조립구조재
977,덕진개별입지,유니이노 주식회사,"전라북도 전주시 덕진구 기린대로 897-4, 1층 (팔복동2가)","가정용 가전제품, 미용기기"
978,덕진개별입지,유니캠프,전라북도 전주시 덕진구 감수길 30-13 (팔복동4가),"캠핑카, 트레일러"
979,덕진개별입지,유일광고,전라북도 전주시 덕진구 조경단로 24 (금암동),간판 및 광고물
980,덕진개별입지,유진산업,전라북도 전주시덕진구 팔복동4가 960-69번지,"플라스틱봉,관,호수제조업"
981,덕진개별입지,유토피아,전라북도 전주시 덕진구 덕촌길 21 (팔복동3가),"간판, 현수막"
982,덕진개별입지,유한회사 금남프라스틱,전라북도 전주시 덕진구 여의동 750-82번지 외 3필지,플라스틱병
983,덕진개별입지,유한회사 늘숲,전라북도 전주시 덕진구 신복로 102 (팔복동4가),"보건용 마스크, 수술용 마스크"
984,덕진개별입지,유한회사 대건산업,전라북도 전주시 덕진구 신복로 18-19 (팔복동1가),신재생에너지구조물
985,덕진개별입지,유한회사 동방광고기획,전라북도 전주시 덕진구 장동 611-6번지,"광고판, 안내판, LED전광판"
986,덕진개별입지,유한회사 두리두리,전라북도 전주시 덕진구 고내천변로 24-72 (송천동2가),돈육. 우육(냉동). 계육(냉동)
987,덕진개별입지,유한회사 리원,전라북도 전주시 덕진구 서귀로 212-17 (여의동),마스크
988,덕진개별입지,유한회사 선우,전라북도 전주시 덕진구 청복길 360 (성덕동),배전반 및 전기자동제어반
989,덕진개별입지,유한회사 씨엠에프엔비,"전라북도 전주시 덕진구, 109호, 205호, 전북생물산업진흥원 바이오플렉스  (장동)",복합조미식품
990,덕진개별입지,유한회사 아이에이치,전라북도 전주시 덕진구 구총목로 8-1 (인후동1가) 1층,"소형정수장치, 여과장치 등"
991,덕진개별입지,유한회사 에스제이산업,"전라북도 전주시 덕진구 가련산로 24-11,  2층 (덕진동2가)",의류
992,덕진개별입지,유한회사 에이피공조산업,전라북도 전주시 덕진구 전미중앙로 54-11 (전미동2가),"공기조화기, 전열교환기"
993,덕진개별입지,유한회사 원탑정보통신건설,"전라북도 전주시 덕진구 가리내로 368,  301호 (덕진동2가)",CCTV보안카메라
994,덕진개별입지,유한회사 자부심,전라북도 전주시 덕진구 호성동2가 88-1번지 외 1필지,간판
995,덕진개별입지,유한회사 좋은,전라북도 전주시 덕진구 기린대로 559 (덕진동2가) 3층,마스크
996,덕진개별입지,유한회사 청정나라,전라북도 전주시 덕진구 상리1길 34 (팔복동2가) 105호,석면비산방지표면경화제
997,덕진개별입지,유한회사 하이엔진,전라북도 전주시 덕진구 초포다리로 18 (호성동1가),엔진부품(내연기관)
998,덕진개별입지,유한회사 혁신산업개발,전라북도 전주시 덕진구 장재길 31 (우아동3가),알루미늄창호
999,덕진개별입지,은성전기제작소,"전라북도 전주시 덕진구 신복3길 7,  다동 (팔복동1가)",배전반
1000,덕진개별입지,이가산업,전라북도 전주시 덕진구 전미중앙로 22-7 (전미동2가),금속구조물
1001,덕진개별입지,이에코 주식회사,전라북도 전주시 덕진구 팔복로 365 (여의동),마스크
1002,덕진개별입지,이정이엔지,전라북도 전주시 덕진구 전미동1가 335-20번지,금속가공제품
1003,덕진개별입지,인코테크,전라북도 전주시 덕진구 유상로 67 (팔복동2가) 7동,자동차부품
1004,덕진개별입지,일동공조산업주식회사,전라북도 전주시 덕진구 신복로 18-21 (팔복동1가) (총 2 필지) 외 1필지,"팬코일,냉동부품"
1005,덕진개별입지,일신,전라북도 전주시 덕진구 여산로 130-14 (여의동),방역장비
1006,덕진개별입지,일진종합상사,전라북도 전주시 덕진구 반월동 8-2번지,중앙난방보일러및 방열기
1007,덕진개별입지,일진하우징주식회사,전라북도 전주시 덕진구 온고을로 255 (팔복동3가),"플라스틱창호,알루미늄 창호"
1008,덕진개별입지,일화기공,전라북도 전주시 덕진구 원만성로 21-27 (여의동),정밀 기계 부품
1009,덕진개별입지,장한실업,전라북도 전주시 덕진구 송천로 36 (송천동1가) 4층,"마스크, 유아복"
1010,덕진개별입지,전라금속,전라북도 전주시 덕진구 삼례로 122 (고랑동),복층유리
1011,덕진개별입지,전북공업,전라북도 전주시 덕진구 정여립로 856 (만성동),금속탱크
1012,덕진개별입지,전주비빔밥(주),전라북도 전주시 덕진구 여실길 34 (여의동),비빔밥
1013,덕진개별입지,전주아크릴,전라북도 전주시 덕진구 안덕원로 42 (진북동),"아크릴 제품, 디자인 실사제품"
1014,덕진개별입지,전주어망,전라북도 전주시 덕진구 인후6길 25 (인후동1가),어망
1015,덕진개별입지,전주이강주,"전라북도 전주시 덕진구 매암길 28 (원동, 전주이강주) 외 1필지",라큐르(이강주)
1016,덕진개별입지,전주전통한지,전라북도 전주시 덕진구 신복천변1길 13-3 (팔복동1가),한지
1017,덕진개별입지,전주콩나물영농조합,전라북도 전주시 덕진구 수리재길 13 (금상동),포장콩나물
1018,덕진개별입지,전주탁주,전라북도 전주시 덕진구 호성동1가 525-12번지,탁주 및 약주
1019,덕진개별입지,전주패키지,전라북도 전주시 덕진구 기린대로 959 (여의동),쇼핑백
1020,덕진개별입지,전주풀,전라북도 전주시 덕진구 신흥마을길 159 (고랑동),도배용 풀
1021,덕진개별입지,전흥지관주식회사,전라북도 전주시 덕진구 추천로 76-8 (팔복동3가) 외 1필지,지관
1022,덕진개별입지,정유리,전라북도 전주시 덕진구 동부대로 1382-20 (고랑동) 외 1필지,유리
1023,덕진개별입지,제원산업,전라북도 전주시 덕진구 감수길 30-35 (팔복동4가),철골 조립구조재
1024,덕진개별입지,제이라이텍,전라북도 전주시 덕진구 반월동 620-28번지,광고용조명장치제조
1025,덕진개별입지,제이스케이블,전라북도 전주시 덕진구 반룡로 161 (여의동),동축 케이블
1026,덕진개별입지,제이씨(JC)상사,"전라북도 전주시 덕진구 사근1길 11-6, 상가동 지하 101호 (송천동2가)",의류
1027,덕진개별입지,제이씨엔(주),전라북도 전주시 덕진구 초포로 249-9 (호성동2가),"수문장치, 식생매트"
1028,덕진개별입지,제이엘(JL),전라북도 전주시 덕진구 동부대로 722-19 (우아동3가),마술지팡이. 에어아치 등
1029,덕진개별입지,제이제이컴퍼니,전라북도 전주시 덕진구 기린대로 559 (덕진동2가) 4층,마스크
1030,덕진개별입지,제이케이생명과학주식회사,"전라북도 전주시 덕진구 상리1길 34, 별관2동 (팔복동2가)","유기농자재, 4종복비, 단미사료"
1031,덕진개별입지,제일기계,전라북도 전주시 덕진구 감수길 30-72 (팔복동4가),산업용기계
1032,덕진개별입지,제일벤딩,전라북도 전주시 덕진구 전미로 211 (전미동2가),금속가공제품
1033,덕진개별입지,제일유압공업사,"전라북도 전주시 덕진구 추천로 269,  외1필지 (팔복동1가)",굴삭기정비
1034,덕진개별입지,조운포장기계,전라북도 전주시 덕진구 반월동 30-3번지,금속절삭기계
1035,덕진개별입지,존 에어바운스,전라북도 전주시 덕진구 전미동1가 329-2번지,"캐릭터용품,놀이용품,공기주입식 놀이기구"
1036,덕진개별입지,종합샤링,"전라북도 전주시 덕진구 쪽구름2길 41,  외1필지 (반월동)",철구조물
1037,덕진개별입지,주식회사 건국,전라북도 전주시 덕진구 감수길 30-26 (팔복동4가),태양광 발전장치
1038,덕진개별입지,주식회사 광역중기,"전라북도 전주시 덕진구 반룡로 143 (여의동, (주)광역중기)","건설기계,특장차부품 생산"
1039,덕진개별입지,주식회사 광진기계,전라북도 전주시 덕진구 감수길 30-44 (팔복동4가),건설기계정비 아스팔트살포기
1040,덕진개별입지,주식회사 나라전기,전라북도 전주시 덕진구 감수길 30-7 (팔복동4가) 외 1필지,"수배전반, 제어반, 분전반"
1041,덕진개별입지,주식회사 뉴파워전주,전라북도 전주시 덕진구 유상로 49 (팔복동2가) 2층 201호,"전기, 전자부품"
1042,덕진개별입지,주식회사 다온건설,전라북도 전주시 덕진구 팔과정로 213 (팔복동4가),mma 포장재료
1043,덕진개별입지,주식회사 디쏠,"전라북도 전주시 덕진구 백제대로 567, 114호(금암동, 전북대학교공대2호관) (금암동, 전북대학교)",섬유기계
1044,덕진개별입지,주식회사 디엔,전라북도 전주시 덕진구 원장동길 111-8 (장동),접촉식일회용외과용 드레이프
1045,덕진개별입지,주식회사 디엠티,"전라북도 전주시 덕진구 신복로 26, 신재생에너지동 (팔복동1가)",전기변환장치및제어장치외
1046,덕진개별입지,주식회사 디자인온,전라북도 전주시 덕진구 동부대로 1229 (송천동2가) 256호,예술품(조형물)
1047,덕진개별입지,주식회사 라쉬반코리아,"전라북도 전주시 덕진구 초포다리로 55-9, 1층 (호성동1가)",내의류
1048,덕진개별입지,주식회사 바이푸드,전라북도 전주시 덕진구 지행당길 128-14 (호성동1가),가금류 신선육
1049,덕진개별입지,주식회사 베스트프랜드플러시,전라북도 전주시 덕진구 동산동 404-2번지,유아용 내의류
1050,덕진개별입지,주식회사 비엠에스,전라북도 전주시 덕진구 유상로 70 (팔복동2가),BLDC모터
1051,덕진개별입지,주식회사 사운드코리아,전라북도 전주시 덕진구 기린대로 321 (진북동),"구내방송장치,cctv,전광판"
1052,덕진개별입지,주식회사 삼원씨앤지,전라북도 전주시 덕진구 기린대로 538 (덕진동2가) 3층,자동제어장치
1053,덕진개별입지,주식회사 서로바이오,"전라북도 전주시 덕진구 원장동길 111-18, 바이오식품산업화센터 406-2호 (장동)","두유분말차, 분말보양차, 기타 프리미엄분말"
1054,덕진개별입지,주식회사 서진아이티씨,전라북도 전주시 덕진구 인교로 62-8 (우아동1가),CCTV
1055,덕진개별입지,주식회사 선한바이오,전라북도 전주시 덕진구 추천로 47-31 (팔복동3가),"보조사료, 탈취제"
1056,덕진개별입지,주식회사 성심스페이스,전라북도 전주시 덕진구 호성동1가 150번지,"LED조명, 건축용, 산업용 금속제품"
1057,덕진개별입지,주식회사 성주,전라북도 전주시 덕진구 전미동2가 152-4번지 외 3필지,알루미늄 창호
1058,덕진개별입지,주식회사 소리노,전라북도 전주시 덕진구 신복1길 18-1 (팔복동1가),벽체 판넬
1059,덕진개별입지,주식회사 소리노,전라북도 전주시 덕진구 삼례로 136-36 (고랑동),벽 및 천장재 및 문
1060,덕진개별입지,주식회사 수호전력,전라북도 전주시 덕진구 신복로 18-12 (팔복동1가),전기배전반
1061,덕진개별입지,주식회사 시너시스,전라북도 전주시 덕진구 청복길 360 -2(성덕동) 1층,자동제어반 PLC & HMI엔지니어링
1062,덕진개별입지,주식회사 씨제이이미징,전라북도 전주시 덕진구 기린대로 929 (팔복동2가),"전자앨범,포토북,크리스탈액자"
1063,덕진개별입지,주식회사 아이버스,전라북도 전주시 덕진구 성덕동 78-1번지,"어린이 통학차량, 어린이 전용시트 자동차 부품"
1064,덕진개별입지,주식회사 아이엠시티,"전라북도 전주시 덕진구 가리내로 52, 2층 (금암동, 한국노총전북본부)","CCTV카메라, 차량번호 판독기"
1065,덕진개별입지,"주식회사 아토큐앤에이 (ATO Q&A Co. , Ltd)","전라북도 전주시 덕진구 호반7길 2, 2층 (덕진동2가)",화장품
1066,덕진개별입지,주식회사 업스트림바이오,"전라북도 전주시 덕진구 건지로 20, 전북대학교 의과대학 생명과학관 203호 (인후동2가)",동물 외부기생충 방제장치
1067,덕진개별입지,주식회사 에스엠이앤지,전라북도 전주시 덕진구 팔복로 252-9 (여의동),"분전반, 배전반, 고압반, MCC제어반"
1068,덕진개별입지,주식회사 에스이씨,전라북도 전주시 덕진구 진조리길 79 (전미동1가),"교통신호장치관련류, CCTV,가로등기구, 출입통제시스템류, 환경제어계측기기류"
1069,덕진개별입지,주식회사 에코하이테크,전라북도 전주시 덕진구 신복로 37 (팔복동1가),양변기
1070,덕진개별입지,주식회사 엔아이비,전라북도 전주시덕진구 팔복동2가 750번지 첨단벤처단지8동,"자동차부품,티타늄제품"
1071,덕진개별입지,주식회사 엔아이비,전라북도 전주시 덕진구 팔복로 251-21 (여의동) (총 3 필지) 외 2필지,"자동차부품,의료용부품,Ti주조품 외"
1072,덕진개별입지,주식회사 엘텍신소재,전라북도 전주시 덕진구 팔복로 251-10 (여의동),"분말야금제품, 탄소복합체"
1073,덕진개별입지,주식회사 엘티씨,전라북도 전주시 덕진구 유상로 67 (팔복동2가),"항공기부품, 방산부품"
1074,덕진개별입지,주식회사 엠파워,전라북도 전주시 덕진구 팔복로 17-20 (팔복동2가),"표지판, 기체여과기"
1075,덕진개별입지,주식회사 위드네이처,"전라북도 전주시 덕진구 원장동길 111-18, 103호, 401호 (장동, 전북생물산업진흥원)",건강기능식품
1076,덕진개별입지,주식회사 위스,전라북도 전주시 덕진구 유상로 67 (팔복동2가) 전주혁신창업허브 창업동 402호,이동식 폐기물 포장기
1077,덕진개별입지,주식회사 유로코리아,전라북도 전주시덕진구 팔복동2가 270번지 4동 외 1필지,풍력발전기
1078,덕진개별입지,주식회사 유일씨엔티,"전라북도 전주시 덕진구 견훤로 292,  3층 (인후동1가)",LED응용제품
1079,덕진개별입지,주식회사 이디에스,"전라북도 전주시 덕진구 삼례로 9,  45",산업용 로봇
1080,덕진개별입지,주식회사 이에스테크,"전라북도 전주시 덕진구 우아10길 17-20, 201호 (우아동3가)","영상감시장치, 보안용카메라, 출입통제시스템"
1081,덕진개별입지,주식회사 인시스(INSYS),전라북도 전주시 덕진구 팔복로 252-5 (여의동),베어링선삭
1082,덕진개별입지,주식회사 인에코,전라북도 전주시 덕진구 야전2길 27-2 (팔복동4가),아이에코 블럭
1083,덕진개별입지,주식회사 인터다임,전라북도 전주시 덕진구 야전2길 17 (팔복동4가),"내의, 의류"
1084,덕진개별입지,주식회사 일광창호,전라북도 전주시 덕진구 초포다리로 41 (호성동1가),PVC창호
1085,덕진개별입지,주식회사 일루베이션,"전라북도 전주시 덕진구 기지로 72, 702호 (중동)",양돈 모바일 체중 관리기
1086,덕진개별입지,주식회사 전주수산,전라북도 전주시 덕진구 도덕동 231-9번지,"생선살, 생어육, 수산동물탈각"
1087,덕진개별입지,주식회사 전주판넬,전라북도 전주시 덕진구 반월로 11 (반월동),샌드위치판넬
1088,덕진개별입지,주식회사 제이앤지,전라북도 전주시 덕진구 비석날로 36 (여의동),열펌프
1089,덕진개별입지,주식회사 진웅,전라북도 전주시 덕진구 추천로 25-7 (팔복동3가),"주방세제,산업세제 및 기타 세제"
1090,덕진개별입지,주식회사 천지이미징,전라북도 전주시 덕진구 기린대로 929 (팔복동2가),"앨범, 크리스탈액자, 몰딩액자"
1091,덕진개별입지,주식회사 청세,전라북도 전주시 덕진구 명륜2길 7-1 (덕진동1가),"조제세제, 살균제"
1092,덕진개별입지,주식회사 캔두에이피,"전라북도 전주시 덕진구 붓내3길 18-9, 4층 (송천동2가)","의류(유아복,아동복,성인티셔츠)"
1093,덕진개별입지,주식회사 코엔,전라북도 전주시 덕진구 암실길 146 (반월동),보행매트
1094,덕진개별입지,주식회사 트레디오,"전라북도 전주시 덕진구 유상로 67,  전주첨단벤처단지 7동 2층 (팔복동2가)",2차원OR코드리더기 외
1095,덕진개별입지,주식회사 티앤에스,"전라북도 전주시 덕진구 팔복로 356, 3층 (여의동)","지구본, 스탠드"
1096,덕진개별입지,주식회사 팔복인더스트리,"전라북도 전주시 덕진구 유상로 67 (팔복동2가) 전주첨단벤처단지, 4동",산업용로봇
1097,덕진개별입지,주식회사 프로바이오닉,"전라북도 전주시 덕진구 원장동길 111-18, 204호, 205호 (장동, 전북생물산업진흥원)",프로바이오틱스
1098,덕진개별입지,주식회사 한설,"전라북도 전주시 덕진구 덕촌길 43, 1층 (팔복동3가)",차선분리대
1099,덕진개별입지,주식회사 한양콘텍,전라북도 전주시 덕진구 동부대로 628 (우아동3가),미끄럼방지 포장재
1100,덕진개별입지,주식회사 한진기획 광고개발,전라북도 전주시 덕진구 추천로 111-1 (팔복동2가),광고판(간판) 및 옥외홍보물
1101,덕진개별입지,주식회사 휴먼텍,"전라북도 전주시 덕진구 신흥마을길 143, 1층 (고랑동)","면, 부직포 마스크"
1102,덕진개별입지,주현 어패럴,전라북도 전주시 덕진구 진버들3길 21 (인후동1가),내의(팬티)
1103,덕진개별입지,중앙전기제작소,전라북도 전주시 덕진구 추천로 19 (팔복동3가),수. 배전반
1104,덕진개별입지,중앙중기,"전라북도 전주시덕진구 여의동 760-8,4번지",토목공사 기계장비
1105,덕진개별입지,중앙창호,전라북도 전주시 덕진구 신복천변1길 31 (팔복동1가),복층유리
1106,덕진개별입지,중원나염,전라북도 전주시 덕진구 여산로 130-13 (여의동),나염
1107,덕진개별입지,중원종합배관,전라북도 전주시 덕진구 고랑동 1030번지,"PVC평판가공, PVC 부품제작, PVC 사각덕트"
1108,덕진개별입지,지구이엠비(EMB),전라북도 전주시 덕진구 학산길 47 (팔복동2가),식품기계
1109,덕진개별입지,지리산농산,전라북도 전주시 덕진구 덕진연못1길 3 (덕진동1가),깐 밤
1110,덕진개별입지,지앤엠주식회사,"전라북도 전주시 덕진구 원장동길 111-18 (장동, 전북생물산업진흥원)",지앤엠
1111,덕진개별입지,지에이산업 주식회사,"전라북도 전주시 덕진구 비석날로 99, 4동 (팔복동2가)",화장실칸막이 및 조립식패널
1112,덕진개별입지,지원엔지니어링,전라북도 전주시 덕진구 반월동 34-1번지 외 1필지,배전반철판및철파이프철구조물
1113,덕진개별입지,지월아트,전라북도 전주시 덕진구 동부대로 1002 (송천동2가),한지 등가구
1114,덕진개별입지,진농산영농조합법인,전라북도 전주시 덕진구 전미중앙로 185 (전미동2가),"벌꿀차, 홍삼엑기스"
1115,덕진개별입지,진미외식산업,전라북도 전주시 덕진구 인교9길 27-1 (우아동1가),도시락
1116,덕진개별입지,진성산업,전라북도 전주시 덕진구 만경강남로 31-23 (화전동),교통표지판
1117,덕진개별입지,진성전기 주식회사,전라북도 전주시 덕진구 비석날로 99 (팔복동2가),배전반 및 전기자동제어반
1118,덕진개별입지,진성정밀(주)제2공장,전라북도 전주시 덕진구 비석날로 59-24 (여의동) 외 1필지,재봉기 및 자동차엔진부품
1119,덕진개별입지,진흥상사,"전라북도 전주시 덕진구 추천로 19-16 (팔복동3가, 제일어패럴)",유아복.의류
1120,덕진개별입지,창무산업,전라북도 전주시 덕진구 신복로 31 (팔복동1가),스틸그레이팅
1121,덕진개별입지,창성유리,전라북도 전주시 덕진구 신복로 18-21 (팔복동1가),"샤시, 유리가공"
1122,덕진개별입지,천광테크,전라북도 전주시 덕진구 삼례로 145-3 (화전동),금속가공제품
1123,덕진개별입지,천일제지(주),전라북도 전주시 덕진구 야전1길 27 (팔복동4가) (총 11 필지) 외 10필지,판지
1124,덕진개별입지,천일페이퍼보드(주),전라북도 전주시 덕진구 야전1길 61 (팔복동4가),합지
1125,덕진개별입지,청수계기,전라북도 전주시 덕진구 상리로 30 (팔복동2가),"수도미터, 수도미터 보호통"
1126,덕진개별입지,캔유텍,"전라북도 전주시 덕진구 백제대로 567, 308(전북대학교 창업보육센터) (덕진동1가, 전북대학교)",연료전지막
1127,덕진개별입지,케이엔메탈,전라북도 전주시 덕진구 번영로 462-9 (반월동),금속가공품(피팅류)
1128,덕진개별입지,코리아테크,전라북도 전주시 덕진구 학산길 30 (팔복동2가),보일러 청관제
1129,덕진개별입지,코사라인,전라북도 전주시덕진구 진북동 361-16번지,"학생복, 단체복, 유니폼 등"
1130,덕진개별입지,코스라,전라북도 전주시 덕진구 오공로 43-48 (중동) 4층,스탠드 조명
1131,덕진개별입지,코운스스포츠,전라북도 전주시 덕진구 추천로 217-24 (팔복동1가),스포츠의류
1132,덕진개별입지,코튼클럽(주)전주2공장,"전라북도 전주시 덕진구 신복1길 9, 1층 (팔복동2가)",내의류
1133,덕진개별입지,탑,전라북도 전주시 덕진구 인후4길 6 (인후동1가),"인쇄물, 간판및출력"
1134,덕진개별입지,탑중기공업,전라북도 전주시 덕진구 야전2길 41-1 (팔복동4가),건설기계정비 및 부품가공
1135,덕진개별입지,태광ENG,"전라북도 전주시 덕진구 유상로 67, 7동 (팔복동2가)",금속 가공품
1136,덕진개별입지,태림 에스엔에프,전라북도 전주시 덕진구 추천로 137 (팔복동2가),"돈두육, 돈내장"
1137,덕진개별입지,태성건설,전라북도 전주시 덕진구 삼천공덕길 2-19 (금상동),금속 가공 제품
1138,덕진개별입지,태성어패럴,"전라북도 전주시 덕진구 신복1길 11, 2층 (팔복동2가)","KF94마스크, 유아용품"
1139,덕진개별입지,태양기계(주),"전라북도 전주시 덕진구 비석날로 54 (여의동, 태양기계(주))",자동차부품
1140,덕진개별입지,태양기전 주식회사,"전라북도 전주시 덕진구 용신길 26-5, 2동 (반월동)","변압기, 리액터"
1141,덕진개별입지,태양파워테크,전라북도 전주시 덕진구 호성동1가 469-13번지,전기회로개폐. 보호및접속장치제조업
1142,덕진개별입지,태영주방,전라북도 전주시 덕진구 용정동 265-28번지 외 1필지,업소용 씽크대. 조리대
1143,덕진개별입지,태웅이엔지,전라북도 전주시 덕진구 지행당길 45 (호성동1가),건설기계장비장비
1144,덕진개별입지,태정세이프도어,전라북도 전주시 덕진구 추천로 181 (팔복동1가),"금속 문, 창호"
1145,덕진개별입지,티앤씨,전라북도 전주시 덕진구 야전2길 34-5 (팔복동4가),미생물제재
1146,덕진개별입지,파라웰코리아,전라북도 전주시 덕진구 안덕원로 383 (산정동),"개인용조합자극기, 저주파자극기"
1147,덕진개별입지,펀커뮤니케이션컨설팅(주),전라북도 전주시덕진구 호성동1가 637-5 번지,"광고물, 간판"
1148,덕진개별입지,풀빛이엔씨,전라북도 전주시 덕진구 야전2길 26 (팔복동4가),"유량계,환경계측기"
1149,덕진개별입지,플랜트인텔리전스디벨롭먼트코리아 주식회사,"전라북도 전주시 덕진구 원장동길 111-18, 생물산업진흥원 바이오식품 산업화센터 (장동)","산삼세포배양 식품, 화장품원료"
1150,덕진개별입지,하나종합주방설비,전라북도 전주시덕진구 여의동 871-1번지,"세정대, 작업대, 후드"
1151,덕진개별입지,하나하우징,전라북도 전주시 덕진구 용정동 591-5번지,컨테이너
1152,덕진개별입지,하예랑(주),전라북도 전주시 덕진구 번영로 230-7 (성덕동),저염수산물
1153,덕진개별입지,한결산업,전라북도 전주시 덕진구 배미실마을길 14 (호성동1가),건축용 금속 가공제품
1154,덕진개별입지,한국종합기계,전라북도 전주시 덕진구 원화전1길 57-94,자동계량기소포장기
1155,덕진개별입지,한라이엔지,전라북도 전주시 덕진구 전미동2가 86-4번지,물탱크
1156,덕진개별입지,한빛공조닥트,전라북도 전주시 덕진구 전미중앙로 49 (전미동2가),"닥트시설물,철판가공품"
1157,덕진개별입지,한빛공조테크,전라북도 전주시 덕진구 고랑동 332-4번지,물탱크
1158,덕진개별입지,한솔비앤에스,"전라북도 전주시 덕진구 팔복로 11 (팔복동2가, 공장)",버티컬 블라인드커텐
1159,덕진개별입지,한신,전라북도 전주시 덕진구 기린대로 949 (여의동) 2층,마스크
1160,덕진개별입지,한신산업기계,전라북도 전주시 덕진구 야전2길 28 (팔복동4가),"공기압축기, 냉각기 등"
1161,덕진개별입지,한실어패럴,전라북도 전주시 덕진구 반암1길 11 (우아동3가),내의
1162,덕진개별입지,한일판넬,전라북도 전주시 덕진구 호성동1가 366번지,금속제 창문 제품 및 금속 가공제품
1163,덕진개별입지,함씨네토종콩식품,전라북도 전주시 덕진구 신복5길 10 (팔복동1가),두부
1164,덕진개별입지,해성,전라북도 전주시 덕진구 신성길 8 (성덕동),스텐레스 위생배관 제품
1165,덕진개별입지,해피상사,전라북도 전주시 덕진구 상리4길 26 (팔복동2가),내의
1166,덕진개별입지,해피플러그,"전라북도 전주시 덕진구 상리1길 34, 101호(전북대학교창업보육센터) (팔복동2가)",가정용온열기기
1167,덕진개별입지,현대기전,전라북도 전주시 덕진구 신복로 54 (팔복동1가),"수,배전반"
1168,덕진개별입지,현대산업기계,전라북도 전주시 덕진구 신복천변1길 13-3 (팔복동1가),페트병 분쇄기(파쇄기)
1169,덕진개별입지,현대특수금속,전라북도 전주시 덕진구 기린대로 851 (팔복동2가),"구조용금속제품, 구조용금속판제품"
1170,덕진개별입지,현성테크,전라북도 전주시 덕진구 추천로 47 (팔복동3가),모타카바
1171,덕진개별입지,형일섬유,전라북도 전주시 덕진구 신복로 20 (팔복동1가),편직
1172,덕진개별입지,형제장갑,전라북도 전주시 덕진구 팔복동1가 197-45번지 외 1필지 외 1필지,산업용장갑
1173,덕진개별입지,형제후렘광고,전라북도 전주시 덕진구 팔과정로 151 (팔복동1가),"금속간판,조명기구,광고물"
1174,덕진개별입지,혜인기계,전라북도 전주시 덕진구 감수길 30-22 (팔복동4가),"사출성형기, 에어콤푸레셔, 반도체장비 등"
1175,덕진개별입지,호남물류중기,전라북도 전주시 덕진구 학산길 33 (팔복동2가),장비어터치
1176,덕진개별입지,호남포장인쇄,전라북도 전주시 덕진구 원만성로 29 (팔복동3가) 외 1필지,비닐포장지
1177,덕진개별입지,호반함석 보온공사,전라북도 전주시 덕진구 신복천변1길 11 (팔복동1가),"함석가공품, 닥트가공품"
1178,덕진개별입지,호성창호,전라북도 전주시 덕진구 지행당길 128-12 (호성동1가),"금속문, 창호, 셔터및 관련제품 제조업"
1179,덕진개별입지,화산실업,전라북도 전주시 덕진구 신복천변1길 17 (팔복동1가),"섬유 표백, 광택"
1180,덕진개별입지,황방NCT산업,전라북도 전주시 덕진구 팔복동2가 95-2번지,"스텐레스후레임, 알루미늄시트"
1181,덕진개별입지,효성컨테이너,전라북도 전주시 덕진구 금상동 1271-8번지 외 1필지,금속 문. 컨테이너
1182,덕진개별입지,휴먼피아코스텍(주),전라북도 전주시 덕진구 신복로 18-6 (팔복동1가),마스크팩
1183,덕진개별입지,흙뿌리,전라북도 전주시 덕진구 용정길 61 (여의동),천년홍삼 파우치
