연번,법인명 발전소명,설비허가 용량(kW),발전소주소(설치장소),최초허가일,완공일 개시일
1,세종 태양광전력,9,전라북도 전주시 덕진구 팔복동 2가 797-26,2006-09-14,2007-12-11
2,인후태양광발전소,3,전라북도 전주시 덕진구 인후동 1가 659-119,2007-05-18,2007-06-27
3,우아태양광발전소,3.2,전라북도 전주시 덕진구 우아동 3가 751-37,2007-10-02,2007-12-15
4,주유소 태양광,3,전라북도 전주시 덕진구 완주로 55(호성동 2가 593-4외 4필지),2007-10-17,2007-12-15
5,파워택태양광발전소,95.904,전라북도 전주시 완산구 삼천동 2가 373-2,2008-02-21,2008-05-06
6,㈜내일은해가뜬다,95.2,전라북도 전주시 덕진구 원동 산209번지,2008-08-12,2008-09-30
7,에이치비오태양광발전소,26.79,전라북도 전주시 덕진구 용정동 174,2008-11-20,2011-12-20
8,팔선태양광발전소,97.02,전라북도 전주시 덕진구 원동 산126-1,2008-12-05,2010-03-29
9,성덕태양광발전소,97.02,전라북도 전주시 덕진구 성덕동 170-3,2008-12-05,2010-03-29
10,자카태양광발전소,97.2,전라북도 전주시 덕진구 성덕동170-43,2008-12-05,2010-03-29
11,세종태양광발전소3호기,6.8,전라북도 전주시 덕진구 팔복동2가797-26 3층옥상,2008-12-05,2008-12-31
12,(유)신정태양광발전소,97.02,전라북도 전주시 덕진구 화전동68-6,2008-12-23,2010-03-29
13,동전에너지,97.02,전라북도 전주시 덕진구 화전동79-8번지,2009-02-20,2010-03-29
14,알파태양광발전소,48,"전라북도 전주시 덕진구 여의동550-1(여산로 122-2,)",2009-02-26,2009-11-23
15,경진태양광발전소,28.6,전라북도 전주시 덕진구 화전동 74-6,2009-08-26,2009-12-14
16,롯데쇼핑(주)롯데마트전주송천점,99.258,전라북도 전주시 덕진구 송천중앙로 82(송천동1가 281-1),2010-02-26,2011-01-11
17,뷰윈태양광발전소,4.8,전라북도 전주시 덕진구 덕진동1가 1439-2,2010-05-31,2010-10-27
18,화전1호태양광발전소,92,전라북도 전주시 덕진구 화전동 695-8,2010-10-07,2011-02-17
19,용전발전소,14.52,"전라북도 전주시 덕진구 성덕동 214-1,",2010-11-11,2011-08-17
20,제타태양광발전소,49.68,"전라북도 전주시 덕진구 덕진동1가 1265-22,",2010-11-26,2011-06-15
21,팔선2호태양광발전소,14.52,"전라북도 전주시 덕진구 원동 138-1,",2010-12-08,2011-08-17
22,세종태양광발전소5호기,18,전라북도 전주시 덕진구 팔복동2가 797-26,2010-12-08,2011-08-16
23,세종태양광발전소6호기,14,전라북도 전주시 덕진구 팔복동2가 797-26,2010-12-08,2011-08-16
24,알파태양광발전소2호기,20,"전라북도 전주시 덕진구 여의동550-1(여산로 122-2,)",2011-01-28,2011-08-10
25,알파태양광발전소3호기,20,"전라북도 전주시 덕진구 여의동550-1(여산로 122-2,)",2011-01-28,2011-08-10
26,신진1호태양광발전소,30,"전라북도 전주시 덕진구 호성동 3가 821-2, 건물1동",2011-02-18,2011-12-07
27,상림에너지발전소1호,99.36,전라북도 전주시 완산구 상림동 488-2,2011-02-18,2012-10-18
28,상림에너지발전소2호,99.36,"전라북도 전주시 완산구 상림동 488-1,489",2011-02-18,2012-10-18
29,신진2호태양광발전소,30,전라북도 전주시 덕진구 호성동3가 821-2,2011-03-17,2012-10-09
30,진경태양광,29.82,전라북도 전주시 덕진구 화전동 74-6,2011-03-17,2011-11-14
31,경문태양광,29.82,전라북도 전주시 덕진구 화전동 74-6,2011-03-17,2011-11-14
32,반월 에너지,97.02,전라북도 전주시 덕진구 반월동 619-11,2011-04-13,2011-12-21
33,태건15호 태양광발전소,30,전라북도 전주시 덕진구 화전동 695-17,2011-04-13,2011-05-16
34,태건14호 태양광발전소,15.64,전라북도 전주시 덕진구 화전동 695-8,2011-04-21,2011-05-16
35,화전2호태양광발전소,67.62,전라북도 전주시 덕진구 화전동 695-17,2011-04-25,2011-09-15
36,(유)운경 태양광발전소,33.12,전라북도 전주시 완산구 중화산동 2가 772-3,2011-04-28,2012-03-14
37,국일에너지,29.26,전라북도 전주시 덕진구 성덕동 223-1,2011-07-20,2012-01-30
38,국철에너지,19.8,전라북도 전주시 완산구 태평동 36-11,2011-07-20,2012-04-10
39,플러스 1호 태양광발전소,67.456,전라북도 전주시 덕진구 반월동 620-7,2011-08-05,2012-09-19
40,플러스 2호 태양광발전소,67.456,전라북도 전주시 덕진구 반월동 620-7,2011-08-05,2012-09-19
41,태건다호태양광발전소,30,"전라북도 전주시 덕진구 성덕동 180-1,180-16",2011-08-05,2013-08-26
42,중화산태양광,29.9,전라북도 전주시 완산구 중화산동 2가 767-2,2011-08-05,2014-08-01
43,좌성덕태양광,38,전라북도 전주시 덕진구 성덕동 180-1,2011-08-05,2012-07-03
44,우성덕태양광,38,전라북도 전주시 덕진구 성덕동 180-1,2011-08-05,2012-07-03
45,예다움태양광발전소,75.392,전라북도 전주시 덕진구 새만금북로 366(성덕동 171-9)(주1),2011-08-05,2012-09-19
46,예다움2태양광발전소,75.392,전라북도 전주시 덕진구 새만금북로 366(성덕동 171-9)(주2),2011-08-05,2012-09-19
47,태건아호 태양광발전소,43.47,"전라북도 전주시 덕진구 화전동 695-8(1동,2동,3동)",2011-08-05,2012-03-30
48,송천태양광발전소,29.4,전라북도 전주시 덕진구 송천동 2가 476-2,2011-08-12,2013-04-30
49,성경에너지,18.8,"전라북도 전주시 덕진구 반월동 305-1,",2011-12-07,2012-02-21
50,스마일쏠라 ,99.2,"전라북도 전주시 덕진구 덕진동 2가 234-1, 228-5,6, 240-2,4,5,6,7,8, 238-5",2011-12-07,2012-03-12
51,전주은하1호 태양광발전소,30,전라북도 전주시 덕진구 진북동 972-3 주2동,2012-01-10,2015-03-19
52,빛샘4호태양광,99.45,전라북도 전주시 덕진구 화전동 1081,2012-01-11,2013-05-21
53,광석 에너지,19,전라북도 전주시 덕진구 원반월안길 24-6,2012-01-11,2012-03-26
54,태광 태양광발전소,72,전라북도 전주시 덕진구 성덕동 172-22,2012-01-11,2012-04-03
55,도성태양광발전소,63,전라북도 전주시 덕진구 용정동 281-35,2012-02-01,2013-09-16
56,신진3호태양광발전소,30,전라북도 전주시 덕진구 호성동 3가 821-2,2012-02-13,2012-10-09
57,서신태양광발전소,18,"전라북도 전주시 완산구 서신동 830-3,",2012-03-05,2012-08-08
58,(유)세움태양광발전소(세움태양광발전소2호),99,"전라북도 전주시 덕진구 여의동 558-4,",2012-03-05,2012-04-12
59,에이치비오2호발전소,19.8,"전라북도 전주시 덕진구 용신길 115,",2012-03-07,2012-05-31
60,태건사호태양광발전소,9.9,"전라북도 전주시 덕진구 화전동 695-8,",2012-03-07,2012-03-30
61,원원동에너지,29.75,전라북도 전주시 덕진구 원동 260-1,2012-03-21,2012-05-31
62,남정에너지,19.8,전라북도 전주시 덕진구 당마안길 36 (남정동),2012-03-21,2012-05-31
63,㈜대경산전,45.76,"전라북도 전주시 덕진구 팔복동 1가 110-7, 8,110-11",2012-03-29,2012-10-08
64,만성에너지발전소,700,전라북도 전주시 덕진구 만성동 645-1,2012-03-29,2012-12-13
65,금화태양광발전소,29.25,전라북도 전주시 완산구 삼천동2가 215-2,2012-04-02,2012-09-14
66,유한회사모악태양광,28.98,전라북도 전주시 완산구 천참로 13(삼천동2가),2012-04-02,2012-08-16
67,조이큐브태양광발전소,50,전라북도 전주시 덕진구 팔복동2가 838-2,2012-04-02,2012-09-13
68,한광1호태양광발전소,99,"전라북도 전주시 덕진구 여의동 558-4,",2012-04-02,2012-06-11
69,수만태양광발전소,22.08,전라북도 전주시 완산구 효자동3가 690-19,2012-04-12,2012-10-15
70,써니태양광발전소,70,전라북도 전주시 완산구 중화산동2가 528-6,2012-04-12,2012-08-20
71,기범태양광발전소,29.9,전라북도 전주시 완산구 평화동1가 638-1,2012-05-08,2012-09-14
72,색장태양광발전소,99,"전라북도 전주시 완산구 색장동 342-7,342-9",2012-05-08,2012-08-30
73,나노태양광발전소,29.4,전라북도 전주시 덕진구 여의동 1264-5,2012-05-08,2012-08-03
74,㈜대경산전2호발전소,7.5,전라북도 전주시 덕진구 팔복동1가 110-7 ,2012-05-08,2012-10-08
75,호남전기1호태양광발전소,29.75,전라북도 전주시 완산구 중화산동 2가 731-4,2012-05-08,2012-06-22
76,우리태양광발전소,30,전라북도 전주시 덕진구 용정동 124-5,2012-05-30,2012-10-12
77,산정태양광발전소,20,전라북도 전주시 덕진구 산정동 88-1,2012-05-30,2012-09-21
78,성덕1호태양광발전소,99.45,전라북도 전주시 덕진구 성덕동 180-1,2012-05-30,2012-10-15
79,미당태양광발전소,20,전라북도 전주시 덕진구 송천동2가 653,2012-06-08,2012-08-27
80,송천만인태양광발전소,99,"전라북도 전주시 덕진구 송천동 2가 636-11,636-13,636-25",2012-06-08,2013-02-26
81,김수홍태양광발전소,20,전라북도 전주시 완산구 중화산동 2가 686-5,2012-06-21,2013-04-09
82,㈜동신이에이(동신이에이태양광발전소),99.9,전라북도 전주시 덕진구 신복로 18-12(팔복동1가),2012-07-17,2012-09-17
83,해문태양광발전소,19.5,전라북도 전주시 완산구 삼천동3가 204-1,2012-07-24,2013-11-26
84,해피풀에너지,20,전라북도 전주시 덕진구 전미월평1길 12-2(전미동2가),2012-07-25,2012-09-11
85,주선에너지,20,전라북도 전주시 덕진구 당마안길 12-9 (남정동),2012-07-25,2012-09-11
86,당마에너지,20,전라북도 전주시 덕진구 남정동 215-144,2012-07-25,2012-09-11
87,덕수에너지,20,전라북도 전주시 덕진구 청복길 127-9(남정동),2012-07-25,2012-09-11
88,㈜나라전기(나라태양광발전소),39,전라북도 전주시 덕진구 팔복동4가 169-1,2012-08-01,2012-10-11
89,팔복에너지,10,전라북도 전주시 덕진구 팔복동 2가 172-4,2012-08-01,2012-10-11
90,한울둘태양광발전소,8,전라북도 전주시 완산구 효자동3가 1184-31,2012-08-01,2012-09-13
91,한울하나태양광발전소,15,전라북도 전주시 완산구 효자동3가 1184-9,2012-08-01,2012-09-13
92,에셀태양광발전소,19.08,전라북도 전주시 완산구 중화산동2가 594-1,2012-08-07,2012-10-16
93,㈜대신냉방 대신태양광발전소,99.75,"전라북도 전주시 덕진구 팔복동2가 268-12,228-1,231-3,263-4,268-10,799-76",2012-09-04,2013-10-29
94,태영1호태양광발전소,66,전라북도 전주시 덕진구 화전동 695-17,2012-09-04,2012-11-07
95,㈜광일실업(광일태양광발전소),96,전라북도 전주시 완산구 효자동1가 409,2012-09-04,2012-10-11
96,미당2호태양광발전소,20,전라북도 전주시 덕진구 전미로 14(송천동2가 653-1),2012-09-14,2012-10-15
97,배강만태양광발전소,50,"전라북도 전주시 완산구 삼천동1가 748-11,748-3",2012-10-08,2013-04-23
98,에코 태양광발전소,20,전라북도 전주시 완산구 고사평6길3(서신동 926-6),2012-10-29,2013-06-13
99,미가태양광발전소,19.25,전라북도 전주시 완산구 중화산동2가 762-11,2012-11-12,2013-03-29
100,원광태양광발전소,18,전라북도 전주시 완산구 삼천동 1가 581-14,2012-12-03,2013-02-19
101,태양에너지,10,전라북도 전주시 완산구 다가동4가 144-1,2012-12-26,2013-04-09
102,기린봉태양광발전소,20,전라북도 전주시 완산구 중노송동 32-1,2012-12-31,2013-04-25
103,혜원이태양광발전소,39.75,"전라북도 전주시 완산구 서신동 199-5,40-98",2013-01-04,2013-02-21
104,건양태양광발전소,18.55,전라북도 전주시 완산구 평화동 1가 632-40,2013-01-14,2013-03-28
105,CS솔라,99.75,"전라북도 전주시 덕진구 호성동 2가 66-2(92.25kW), 주차시설(7.5kW)",2013-01-18,2013-04-04
106,박용길태양광발전소,20,전라북도 전주시 덕진구 금암동 1601-5,2013-02-05,2013-03-21
107,뉴서울태양광발전소,19,전라북도 전주시 완산구 서신동 935-7,2013-02-13,2013-03-27
108,광해금속태양광발전소1호,99.225,전라북도 전주시 덕진구 신복2길 8-2(팔복동1가 102-1),2013-02-13,2014-05-22
109,광해금속태양광발전소2호,99.225,"전라북도 전주시 덕진구 신복1길 18-1,신복로21(팔복동1가 102-4,113-9,114-4)(주1,주5)",2013-02-13,2014-05-22
110,ECO 에너지센터,98.44,전라북도 전주시 완산구 천잠로 235(혁신관),2013-02-21,2013-04-24
111,한라태양광발전소,50,전라북도 전주시 덕진구 고랑동 611-44,2013-02-26,2013-04-30
112,CS솔라2호,300,전라북도 전주시 덕진구 용덕길 5-17(용정동 591-6),2013-03-04,2014-04-30
113,위아래성덕태양광,410,전라북도 전주시 덕진구 성덕동 172-14,2013-03-14,2013-09-26
114,명진태양광발전소,200,전라북도 전주시 덕진구 팔복동1가 243-77(주1),2013-03-14,2013-07-11
115,백화1호태양광,99.45,전라북도 전주시 덕진구 성덕동 174-43,2013-03-26,2013-05-21
116,빛샘1호태양광,99.45,전라북도 전주시 덕진구 화전동 1081-1,2013-03-26,2013-05-21
117,해진1호태양광,99.45,전라북도 전주시 덕진구 성덕동 173-53 ,2013-03-26,2013-05-21
118,영재태양광발전소,19.5,전라북도 전주시 완산구 용복동 255-9,2013-03-26,2013-08-07
119,래웅태양광발전소,19.5,전라북도 전주시 완산구 용복동 255-8,2013-03-26,2013-08-07
120,빛샘3호태양광,50,전라북도 전주시 덕진구 화전동 1081-1,2013-04-03,2013-05-21
121,정경태양광발전소,20,전라북도 전주시 덕진구 호성동 1가 662,2013-04-03,2013-07-01
122,팔복태양광발전소,20,전라북도 전주시 덕진구 팔복동 1가 167-15,2013-04-03,2013-07-04
123,해진3호태양광,50,전라북도 전주시 덕진구 성덕동 173-53,2013-04-03,2013-05-21
124,백화2호태양광,50,전라북도 전주시 덕진구 성덕동 174-11,2013-04-03,2013-05-21
125,백화3호태양광,50,전라북도 전주시 덕진구 성덕동 174-43,2013-04-03,2013-05-21
126,백화4호태양광,99.45,전라북도 전주시 덕진구 성덕동 174-11,2013-04-03,2013-05-21
127,BS SOLAR 서곡태양광발전소,25,전라북도 전주시 완산구 효자동3가 907,2013-04-17,2013-05-27
128,BS SOLAR 평화태양광발전소,30,전라북도 전주시 완산구 평화동1가 747-2,2013-04-17,2013-05-06
129,김순애태양광발전소,20,전라북도 전주시 덕진구 전당안길 11(전미동1가 382-1),2013-04-17,2014-02-13
130,해진4호태양광,99.45,전라북도 전주시 덕진구 성덕동 173-10,2013-04-17,2013-05-21
131,해진2호태양광,50,전라북도 전주시 덕진구 성덕동 173-10,2013-04-18,2013-05-21
132,빛샘2호태양광,50,"전라북도 전주시 덕진구 화전동 1081, 696-7",2013-04-18,2013-05-21
133,성원태양광,99.45,전라북도 전주시 덕진구 성덕동 173-34,2013-04-25,2013-10-23
134,세진태양광발전소,30,전라북도 전주시 덕진구 반월동 621-20,2013-05-09,2013-11-15
135,휴먼21태양광발전소,72,전라북도 전주시 덕진구 인후동1가 155-16(주1),2013-05-09,2013-10-11
136,우리생산기술2호태양광발전소,10,전라북도 전주시 덕진구 진북동 992-116,2013-05-09,2013-09-30
137,김규형태양광발전소,15,전라북도 전주시 완산구 중화산동2가 616-9,2013-05-09,2013-08-23
138,창하태양광발전소,19.72,전라북도 전주시 덕진구 용정동 116-1,2013-05-23,2013-08-02
139,수인태양광발전소,19.72,전라북도 전주시 덕진구 용정동 115-1,2013-05-30,2013-08-02
140,금하솔라1호태양광,99.45,"전라북도 전주시 덕진구 남정동 209-75(주4,주5,부1)",2013-06-03,2015-01-29
141,화전1호태양광,410,전라북도 전주시 덕진구 화전동 695-13,2013-06-03,2013-10-23
142,파써블에너지-4호,10,전라북도 전주시 완산구 메너머4길 29-6,2013-06-11,2016-07-07
143,엘태양광발전소,67.6,전라북도 전주시 덕진구 호성동1가 836-4,2013-06-11,2013-10-29
144,검상전력태양광발전소,50,"전라북도 전주시 덕진구 반월동 616-12(주1,주2)",2013-06-19,2013-09-13
145,반석태양광발전소,30,전라북도 전주시 완산구 삼천동 3가 693,2013-06-19,2013-10-28
146,모악산태양광발전소,30,전라북도 전주시 완산구 원당동 801,2013-06-19,2013-09-16
147,주왕1호태양광발전소,99,전라북도 전주시 덕진구 팔복동 2가 838-6,2013-06-21,2013-09-30
148,청정쏠라,99.2,"전라북도 전주시 덕진구 전미동2가 104-5(2동,3동)",2013-06-23,2013-09-03
149,하동태양광발전소,30.6,전라북도 전주시 완산구 전룡4길 12(서신동 893-3),2013-06-26,2014-04-17
150,화전태양광발전소,20,전라북도 전주시 덕진구 화전동 934-3,2013-06-26,2013-12-24
151,대광태양광발전소,80,전라북도 전주시 덕진구 팔복동4가 166-82,2013-06-26,2013-12-10
152,진무1호태양광발전소,19.6,전라북도 전주시 덕진구 우아동3가 747-31,2013-06-26,2013-08-23
153,도신경외과태양광발전소,40,전라북도 전주시 덕진구 진북동 336-21,2013-07-05,2013-12-16
154,궁전태양광발전소,20,전라북도 전주시 완산구 전주객사2길 35(다가동3가),2013-07-05,2013-11-26
155,경성태양광발전소,20,전라북도 전주시 완산구 중앙동 1가 54-1,2013-07-05,2013-11-26
156,송김태양광발전소,50,전라북도 전주시 덕진구 성덕동 509-2,2013-07-05,2014-05-21
157,광레이저태양광발전소3호,99.225,"전라북도 전주시 덕진구 팔복동 1가 102-4,113-9,114-4(주3,주4)",2013-07-08,2014-05-22
158,만남태양광발전소,29.75,"전라북도 전주시 덕진구 호성동1가 428-2,427-1",2013-08-05,2013-11-01
159,호남전기2호태양광발전소,33,전라북도 전주시 덕진구 호성동1가 406,2013-08-05,2013-09-16
160,성광태양광1호,99,전라북도 전주시 덕진구 하오리길 28(전미동1가 1095-2),2013-08-20,2014-07-25
161,기영태양광발전소1호,70.2,전라북도 전주시 덕진구 금상동 523-6,2013-08-20,2014-06-13
162,성덕태양광발전소,49.56,전라북도 전주시 덕진구 성덕동 509-18,2013-09-03,2014-01-15
163,명정태양광발전소,47.79,전라북도 전주시 덕진구 여의동 1108-7,2013-09-03,2013-12-09
164,포인트일호점태양광,99.18,전라북도 전주시 덕진구 용암길 4(반월동620-26),2013-09-03,2013-10-23
165,지평선에너지,50,전라북도 전주시 덕진구 오신1길 20-7(성덕동 207-1),2013-09-04,2014-04-11
166,한율성덕1호태양광발전소,99.45,전라북도 전주시 덕진구 성덕동 173-16,2013-09-05,2013-10-23
167,한율성덕2호태양광,99.45,전라북도 전주시 덕진구 성덕동 173-17,2013-09-05,2013-10-23
168,한율성덕3호태양광,50,전라북도 전주시 덕진구 성덕동 173-55,2013-09-10,2013-10-23
169,한율성덕4호태양광,50,전라북도 전주시 덕진구 성덕동 173-54,2013-09-10,2013-10-23
170,한율성덕5호태양광,99.45,전라북도 전주시 덕진구 성덕동 173-55,2013-09-10,2013-10-23
171,한율성덕6호태양광,99.45,전라북도 전주시 덕진구 성덕동 173-54,2013-09-10,2013-10-23
172,한율성덕7호태양광,50,전라북도 전주시 덕진구 성덕동 173-16,2013-09-10,2013-10-23
173,한율성덕8호태양광,50,전라북도 전주시 덕진구 성덕동 173-17,2013-09-10,2013-10-23
174,태강1호태양광발전소,99,"전라북도 전주시 덕진구 팔복동1가 134-16,134-14,134-24(나,다,라,마동)",2013-09-16,2013-12-19
175,삼부태양광발전소,30,전라북도 전주시 덕진구 들사평1길 22-16(덕진동 1가 1435-3),2013-09-30,2014-03-12
176,에스터태양광발전소,20,전라북도 전주시 덕진구 송천동1가 364-10,2013-09-30,2014-03-03
177,효성중전기태양광발전소,27.03,전라북도 전주시 완산구 콩쥐팥쥐로 1629(상림동 78-5)(주1),2013-09-30,2014-04-14
178,만수태양광발전소,60,전라북도 전주시 덕진구 호성동 1가 522-9(주1),2013-10-02,2015-03-17
179,동진태양광발전소,50,전라북도 전주시 완산구 중화산동 2가 528-4,2013-10-02,2013-12-05
180,유성태양광발전소,30,전라북도 전주시 덕진구 장재안길 30-1(우아동3가 61)(주1),2013-10-07,2014-03-17
181,삼성엠코태양광발전소,20,전라북도 전주시 덕진구 삼례로 77-16(반월동 612-175),2013-10-07,2014-03-13
182,JC태양광,300,"전라북도 전주시 덕진구 신성길 73(성덕동 173-13)(주1,주2, 160KW), 주차장(140KW)",2013-10-07,2014-07-16
183,엔와이태양광발전소,99,전라북도 전주시 덕진구 용정동 260-24,2013-10-07,2016-08-22
184,대정태양광,99.45,전라북도 전주시 덕진구 성덕동 173-34,2013-10-07,2013-11-19
185,한진1호태양광발전소,99.11,"전라북도 전주시 덕진구 기린대로947(여의동 558-52),기린대로 949-1(여의동 558-55),기린대로945(팔복동2가 797-1)(주1,2,3)",2013-10-08,2014-02-03
186,신용1태양광발전소,15,전라북도 전주시 완산구 서서학동 361-17,2013-10-11,2013-12-09
187,강소농자재태양광발전소,75,"전라북도 전주시 덕진구 반월동 612-176(주1,2)",2013-10-11,2013-12-20
188,태성태양광발전소,40,전라북도 전주시 덕진구 반월동 612-176(주3),2013-10-11,2013-12-20
189,백두태양광발전소,99,전라북도 전주시 덕진구 신복천변로 37(팔복동1가 279-7),2013-10-29,2014-01-16
190,화전2호태양광,530,"전라북도 전주시 덕진구 화전동 694-10,694-11",2013-11-19,2014-01-10
191,진경2호태양광발전소,50.96,전라북도 전주시 덕진구 화전동 115,2013-11-25,2014-07-22
192,정록태양광발전소,50,전라북도 전주시 완산구 삼천동3가 502,2013-11-25,2014-01-02
193,혁신원태양광발전소,35,전라북도 전주시 덕진구 반월동 769-3(주1),2013-11-25,2014-11-12
194,혁신투태양광발전소,50,"전라북도 전주시 덕진구 여의동 691-11(주1,2)",2013-11-25,2014-11-13
195,성덕태양광발전소,99,"전라북도 전주시 덕진구 팔복동2가 417-11, 팔복동3가 223-5(주4,2)",2013-12-03,2014-03-28
196,용훈제1호태양광발전소,99,"전라북도 전주시 덕진구 팔복동2가 417-11, 팔복동3가 223-5(주6)",2013-12-03,2014-03-28
197,형제태양광발전소1호,20,전라북도 전주시 덕진구 산정동 112,2013-12-03,2014-02-17
198,선주성덕3호태양광,49.5,전라북도 전주시 덕진구 번영로 245(성덕동),2013-12-16,2014-06-17
199,용정태양광,500,전라북도 전주시 덕진구 용정동 262-16,2013-12-23,2014-11-20
200,도선태양광발전소,20,전라북도 전주시 완산구 호동길 76(삼천동3가),2013-12-27,2014-07-07
201,마이관광태양광발전소,98.8,"전라북도 전주시 덕진구 번영로 300, 번영로 298(성덕동 160-2,159-1)",2013-12-30,2014-09-02
202,아람태양광발전소,40,전라북도 전주시 덕진구 인후동1가 462-2(진버들1길 6),2014-01-06,2014-05-02
203,임경택태양광발전소,20,전라북도 전주시 완산구 인정3길 15-5(중화산동2가),2014-01-07,2014-05-02
204,DY태양광발전소,24,전라북도 전주시 덕진구 신복로 18-12(팔복동1가)(주2),2014-01-07,2015-05-26
205,K1태양광발전소,19.44,전라북도 전주시 덕진구 초포다리로 106-16(호성동1가),2014-01-07,2014-02-20
206,주식회사타임캐슬,80,"전라북도 전주시 덕진구 와룡로 95-46(50kW),(30kW)",2014-01-15,2014-08-04
207,예성애드태양광발전소,99,전라북도 전주시 덕진구 신복로 34-16(팔복동1가),2014-01-15,2014-03-12
208,현웅태양광발전소,29.995,전라북도 전주시 덕진구 솔내로 111(송천동1가),2014-01-27,2014-04-11
209,서은 태양광발전소,53.46,"전라북도 전주시 덕진구 동부대로 902(호성동1가 571-1,호성동2가631-17)",2014-01-27,2014-03-27
210,솜씨방태양광발전소,20,전라북도 전주시 완산구 남고산성1길 3-2(동서학동),2014-01-29,2014-03-26
211,평화태양광발전소,30,전라북도 전주시 완산구 맏내3길 13(평화동2가),2014-02-04,2014-04-01
212,소연태양광,20,전라북도 전주시 덕진구 명주3길 15,2014-02-10,2014-03-12
213,성덕1호,81,"전라북도 전주시 덕진구 성덕동 173-55,173-16, 173-17, 173-54",2014-02-10,2014-12-31
214,기아1호태양광발전소,33,전라북도 전주시 덕진구 전주천동로 378(진북동),2014-02-12,2014-03-14
215,정태양광발전소,99.2,"전라북도 전주시 덕진구 신흥안길 2(고랑동 342-9 외1필지)(주1,주2)",2014-02-12,2014-09-05
216,경진태양광발전소,60.97,전라북도 전주시 덕진구 쪽구름2길 23,2014-02-13,2017-06-26
217,성일태양광발전소,20,전라북도 전주시 덕진구 팔복동3가 61-12,2014-02-25,2014-05-21
218,JJ솔라태양광발전소,68,전라북도 전주시 덕진구 팔복로 17-20 G동,2014-02-26,2014-08-04
219,두리두리태양광발전소,30,전라북도 전주시 덕진구 송천동 2가 1150,2014-02-27,2014-05-26
220,이화1호태양광발전소,99.45,"전라북도 전주시 완산구 석구동 241-1,241-2,주1,주2",2014-02-28,2015-03-19
221,이화2호태양광발전소,99.45,"전라북도 전주시 완산구 석구동 241-2, 241-1",2014-02-28,2017-02-27
222,덕경태양광발전소,98.28,"전라북도 전주시 덕진구 화전동 67-3, 68-1",2014-03-06,2014-07-22
223,재인태양광발전소,98.8,전라북도 전주시 완산구 삼천동 1가 736 주1,2014-03-06,2014-06-18
224,예다움3태양광발전소,97.2,전라북도 전주시 덕진구 새만금북로 366,2014-03-07,2015-02-02
225,플러스3호태양광발전소,97.2,전라북도 전주시 덕진구 암실길 115,2014-03-07,2016-08-17
226,혁신태양광발전소,99.45,"전라북도 전주시 덕진구 만성동 645-3, 98-7, 산192-1",2014-03-14,2015-11-13
227,샤론태양광발전소,98.53,"전라북도 전주시 덕진구 삼거3길 234( 183.15㎡),삼거3길 234-1( 195.3㎡)",2014-03-17,2014-12-03
228,금하솔라2호태양광,99.45,"전라북도 전주시 덕진구 남정동 209-38(주1,주2,주3)",2014-03-17,2015-01-29
229,어제처럼태양광발전소,20,전라북도 전주시 덕진구 도당산4길 10(우아동3가 752-41) 주1,2014-03-17,2014-06-17
230,덕진햇빛발전소,10,전라북도 전주시 덕진구 사평로 15(덕진동1가 1420-2) 주1,2014-03-17,2014-05-01
231,싸이버태양광발전소,19.5,전라북도 전주시 덕진구 안덕원로 51(진북동 417-195) 주,2014-03-17,2014-05-26
232,청정개발태양광발전소,99.2,전라북도 전주시 덕진구 전미월평1길 45-4(전미동2가 104-5) 주4 주5,2014-03-17,2014-04-23
233,토우태양광발전소,99,전라북도 전주시 덕진구 초포로 249-31(호성동2가 468-23),2014-03-17,2014-09-26
234,전통태양광발전소,20,전라북도 전주시 덕진구 도당산4길(우아동3가 749-7) 주1,2014-03-18,2014-06-17
235,그랜드태양광발전소,29.12,전라북도 전주시 덕진구 도당산3길 7-4(우아동3가 748-34)(주1),2014-03-20,2014-04-29
236,희락태양광발전소,99,전라북도 전주시 완산구 은석길 32-26(색장동 61-1),2014-03-21,2017-04-14
237,신흥카태양광발전소,17,전라북도 전주시 완산구 안행7길 6-2(효자동1가 692-12) 주1,2014-03-24,2014-08-20
238,공수에너지,20,전라북도 전주시 덕진구 이작길 16-3(남정동 44-12) 주1,2014-03-25,2014-06-13
239,대한태양광발전소,99.47,"전라북도 전주시 덕진구 전미동2가 20-12, 20-13(주1,주2)",2014-03-26,2014-09-19
240,민수태양광발전소,45,전라북도 전주시 완산구 마전1길 12-8(효자동3가 1646-14) 주1,2014-03-26,2014-05-21
241,박덕순태양광발전소,54,전라북도 전주시 덕진구 만성동 707-15,2014-03-31,2014-10-20
242,월운태양광발전소,90,"전라북도 전주시 덕진구 용신길 26-15(반월동 623-9)(주1,주2)",2014-03-31,2014-09-23
243,기영태양광발전소2호,40.28,전라북도 전주시 덕진구 금상동 523-6,2014-04-01,2014-06-13
244,KEPCO-9-F01-금강특수유리태양광,400,"전라북도 전주시 덕진구 기린대로 734(팔복동1가 310-3, 310-1)(주1, 부1)",2014-04-01,2014-09-01
245,대호태양광발전소,27.03,전라북도 전주시 덕진구 우아10길 21-11(우아동3가 743-17) 주1,2014-04-01,2014-06-13
246,해야1태양광발전소,49.5,"전라북도 전주시 완산구 산월1길 10-11,10-13,10-15",2014-04-04,2014-11-28
247,별고을태양광2호,17,전라북도 전주시 완산구 서신천변15길 15-8(서신동798-3)주1,2014-04-14,2014-10-23
248,삼성엠코2태양광발전소,20,전라북도 전주시 덕진구 반월동 612-175(주1),2014-04-16,2016-05-10
249,금상태양광발전소,99,"전라북도 전주시 덕진구 삼거2길 17(금상동 607-3외1필지)(주1,주2,주3)",2014-04-24,2015-03-05
250,상민태양광발전소,30,전라북도 전주시 완산구 중산로 6 주1,2014-04-25,2014-07-25
251,곰돌이태양광발전소,99,전라북도 전주시 완산구 덕적골1길 60(평화동1가 500-1) 주3,2014-04-28,2014-08-25
252,허원에너지,40,전라북도 전주시 덕진구 성덕동 210-1,2014-04-30,2014-11-10
253,대한발전소,99,"전라북도 전주시 덕진구 초포로 249-29(주1,부1,부2,부3)",2014-05-12,2014-09-26
254,호원태양광발전소,30,전라북도 전주시 완산구 평화9길 5,2014-05-26,2014-08-18
255,에코발전소,99.45,"전라북도 전주시 덕진구 팔복동2가 484-9주1, 주2,주3",2014-05-27,2015-04-21
256,믿음태양광발전소,15,전라북도 전주시 덕진구 매봉3길 18(금암동 1599-2 ),2014-05-27,2014-08-19
257,윤영태양광발전소,20,전라북도 전주시 덕진구 용정서월길 9,2014-05-27,2014-12-12
258,지훈태양광발전소,30,전라북도 전주시 덕진구 여의동 915-1,2014-06-02,2015-02-09
259,안행태양광발전소,50,전라북도 전주시 완산구 안행로 34,2014-06-02,2014-11-28
260,장학재단태양광발전소,30,전라북도 전주시 덕진구 텃골길8,2014-06-02,2014-08-25
261,썬태양광발전소,60,전라북도 전주시 완산구 덕적골2길 35-36,2014-06-02,2014-11-13
262,금상1호태양광발전소,19.76,전라북도 전주시 덕진구 삼거1길 42-9,2014-06-02,2014-12-15
263,경복태양광발전소,20,전라북도 전주시 덕진구 용정길 67-22,2014-06-02,2015-01-14
264,영일태양광발전소,99.2,"전라북도 전주시 덕진구 장재안길 24(우아동3가 59외 2필지(60-12,533-2)",2014-06-13,2014-12-15
265,두산태양광발전소,99,전라북도 전주시 덕진구 신복로 18-8(팔복동1가 197-50),2014-06-13,2017-04-14
266,벼리태양광발전소,45,전라북도 전주시 덕진구 고내천변로 24-97(송천동2가 1122),2014-06-23,2014-08-28
267,전주동부교회태양광발전소,49.82,전라북도 전주시 덕진구 권삼득로 88,2014-06-23,2014-10-07
268,바이오준태양광발전소,20,전라북도 전주시 완산구 전룡4길 10,2014-06-23,2014-08-19
269,청명태양광발전소,99,전라북도 전주시 완산구 덕적골1길 69,2014-06-23,2014-09-18
270,전성철태양광발전소,29.68,전라북도 전주시 덕진구 붓내3길 16,2014-07-04,2014-11-20
271,선재태양광발전소,20,전라북도 전주시 덕진구 인후2길 15,2014-07-04,2014-10-29
272,가야태양광발전소,99.45,전라북도 전주시 덕진구 신흥마을길 119(고랑동 602-10) ,2014-07-04,2015-02-05
273,본태양광발전소,17,전라북도 전주시 덕진구 팽나무4길 15-1(인후동1가 781-14),2014-07-04,2014-11-28
274,금상2호태양광발전소,48.6,전라북도 전주시 덕진구 삼거1길 42-10(금상동 521-8),2014-07-04,2014-12-26
275,금상1호태양광발전소,99,전라북도 전주시 덕진구 금상동 1298-6,2014-07-11,2015-04-01
276,금상2호태양광발전소,99,전라북도 전주시 덕진구 금상동 1298-7,2014-07-11,2015-04-01
277,금상3호태양광발전소,99,전라북도 전주시 덕진구 금상동 1298-8,2014-07-11,2015-04-01
278,만수4호태양광발전소,16.5,전라북도 전주시 덕진구 초당길 20(호성동1가 564-18),2014-07-11,2015-03-17
279,서은1호태양광발전소,39.06,전라북도 전주시 덕진구 동부대로 902호성동1가 571-1 외1필지,2014-07-11,2015-08-10
280,한신1호태양광발전소,19.5,전라북도 전주시 덕진구 기린대로 949 (여의동 558-56)(주1),2014-07-11,2015-02-03
281,지운태양광발전소,36.04,전라북도 전주시 완산구 서원로 237(중화산동2가 529-12),2014-07-11,2014-12-15
282,필하우스태양광발전소,30,전라북도 전주시 완산구 백마산길 95(효자동3가 1057-1),2014-07-11,2014-10-20
283,전미태양광발전소,60,전라북도 전주시 덕진구 전미중앙로 92(전미동2가 89-4),2014-07-23,2015-03-19
284,플러스원태양광발전소,99.47,전라북도 전주시 완산구 모악산자락길 161-32(원당동 181-5),2014-07-23,2014-10-29
285,김병호태양광발전소,10,전라북도 전주시 덕진구 모래내3길 12-1 (인후동2가 210),2014-07-31,2014-11-06
286,에어클린태양광발전소,85.5,전라북도 전주시 덕진구 비석날로 45(여의동 530-36외1필지) ,2014-07-31,2014-12-25
287,로젠태양광발전소,99,"전라북도 전주시 덕진구 용신길 59(용정동 113-1) 주1,주2",2014-07-31,2014-12-30
288,코리아태양광발전소,58.5,전라북도 전주시 완산구 서신천변로 58(서신동 803-1),2014-08-06,2015-01-30
289,김복선태양광발전소,18.9,전라북도 전주시 완산구 우전2길 23-6(효자동2가 177-11),2014-08-06,2015-07-07
290,전주폐차장,80.325,"전라북도 전주시 덕진구 감수길 30-24(팔복동4가 172-4,172-5)(1동,2동)",2014-08-06,2015-05-19
291,포도송이1호태양광발전소,99.45,전라북도 전주시 덕진구 송천동2가 376-2,2014-08-27,2016-06-10
292,포도송이2호태양광발전소,99.45,전라북도 전주시 덕진구 송천동2가 375-2,2014-08-27,2017-03-22
293,금상동태양광발전소,99,전라북도 전주시 덕진구 금상동 1184-2,2014-08-27,2015-04-13
294,성광태양광2호,50.25,전라북도 전주시 덕진구 하오리길 28(전미동1가 1095-2),2014-09-26,2016-12-05
295,㈜청진태양광발전소,76.5,"전라북도 전주시 완산구 난전들로 107-7(34.5kW),(42.0kW)",2014-09-26,2015-08-21
296,정재태양광발전소,50,"전라북도 전주시 덕진구 하오리길 75(호성동3가 98-3,98-4)",2014-10-14,2017-03-10
297,금상동2태양광발전소,99,전라북도 전주시 덕진구 금상동 1286-5,2014-10-14,2015-03-25
298,성수태양광발전소,97.6,전라북도 전주시 덕진구 금상동 493,2014-10-14,2015-10-06
299,팡팡 태양광,30,전라북도 전주시 덕진구 명륜5길 13(덕진동1가 1277-10),2014-10-14,2015-06-05
300,금정태양광발전소,19.875,전라북도 전주시 덕진구 삼거2길 26(금상동 552-7),2014-11-03,2015-02-25
301,원명태양광발전소,35,전라북도 전주시 완산구 어진길 86(경원동2가 50),2014-11-13,2015-02-25
302,문식태양광발전소,13.5,전라북도 전주시 덕진구 거북바우3길 28,2014-12-01,2015-06-26
303,원상림발전소,99,"전라북도 전주시 완산구 상림동 372 89kW,  10kW",2014-12-01,2015-05-26
304,박용규태양광발전소,19.8,전라북도 전주시 덕진구 천마산로 62,2014-12-01,2015-03-05
305,전주폐차장3동 태양광발전소,68,전라북도 전주시 덕진구 감수길 30-24 주건축물제3동(주1),2014-12-18,2015-05-19
306,전주폐차장4동 태양광발전소,68,전라북도 전주시 덕진구 감수길 30-24 주건축물제4동(주2),2014-12-18,2015-05-19
307,현대철재태양광발전소,99,전라북도 전주시 덕진구 신복로 145(팔복동1가 243-81외 1필지),2015-01-07,2015-12-03
308,희주태양광,37.8,전라북도 전주시 덕진구 중오길 61(호성동3가 820-39),2015-01-07,2015-04-13
309,숙희태양광발전소,19.76,전라북도 전주시 완산구 원신덕길 18(용복동 255-7)㈜,2015-01-30,2015-04-13
310,윤성태양광발전소,33.25,전라북도 전주시 덕진구 원동로 179(원동 170-1),2015-01-30,2015-11-20
311,재현태양광발전소,49.5,전라북도 전주시 덕진구 진기길 41(전미동2가 1273),2015-01-30,2015-04-08
312,유한회사샬롬태양광,30,전라북도 전주시 덕진구 심방죽2길 22(인후동1가 575-50),2015-02-15,2015-09-03
313,금상4호태양광발전소,99,"전라북도 전주시 덕진구 금상동 1298-13(1,977.0㎡)",2015-02-12,2015-06-05
314,박순성태양광발전소,20,"전라북도 전주시 완산구 원신덕길16(용복동255-5)주1,",2015-04-08,2015-06-18
315,영길태양광발전소,19.44,전라북도 전주시 완산구 삼천동 2가 218,2015-05-12,2015-09-30
316,강남태양광발전소,99,전라북도 전주시 덕진구 전당안길33번지(전미동1가1098-2번지),2015-05-13,2017-09-07
317,청정쏠라2차태양광발전소,97.6,전라북도 전주시 덕진구 전미월평1길45-4,2015-05-13,2015-08-21
318,상중하태양광발전소,30,전라북도 전주시 덕진구 성덕동 179-19,2015-06-01,2015-09-22
319,금은찬태양광발전소,50.05,전라북도 전주시 완산구 평화동1가 718-8,2015-06-01,2016-03-24
320,망고태양광,75,전라북도 전주시 덕진구 성덕동 172-47,2015-06-17,2015-10-21
321,유한회사 그린테크태양광발전소,99.2,전라북도 전주시 덕진구 전미동2가37-31,2015-08-12,2016-03-15
322,(유)삼천솔라태양광발전소,99.84,전라북도 전주시 완산구 천잠로 11-1전라북도 전주시 완산구 삼천동2가 293-2(위),2015-08-27,2015-11-05
323,셉코성덕1호,50,"전라북도 전주시 덕진구 성덕동 335-4,335-2,332-5,331-4",2015-09-17,2016-06-24
324,미립 태양광 발전소,98.28,"전라북도 전주시 덕진구 비석날로 49(530-35,530-38)",2015-09-17,2016-01-06
325,윤쏠라태양광 ,99,전라북도 전주시 덕진구 송천동 2가 376-4,2015-11-19,2016-06-10
326,한성10호태양광,75,전라북도 전주시 덕진구 성덕동 368-4,2015-11-19,2016-07-27
327,온고을햇빛발전소,49.75,전라북도 전주시 덕진구 온고을로 438-2 전주온고을장례식장,2015-12-21,2016-03-21
328,명문물류태양광발전소,375.76,"전라북도 전주시 덕진구 야전2길 34-8(팔복동4가)(주1,주2,주3,주4)",2015-06-01,2015-10-19
329,금상태양광발전소,495,전라북도 전주시 덕진구 금상동 396-44,2015-08-05,
330,해랑솔라태양광발전소,94.05,전라북도 전주시 덕진구 화전동 693-6,2016-05-09,2017-04-17
331,늘푸른솔라태양광발전소,99,전라북도 전주시 덕진구 화전동 693-17,2016-05-09,2017-04-17
332,늘해랑솔라태양광발전소,99,전라북도 전주시 덕진구 화전동 693-18,2016-05-09,2017-04-17
333,반월동태양광발전소,39.6,전라북도 전주시 덕진구 반월동 626-15 ,2016-05-17,2016-07-07
334,홀인원태양광발전소,75,전라북도 전주시 완산구 효자동3가 1052 ,2016-05-23,2016-08-29
335,상림에너지발전소3호,99.45,전라북도 전주시 완산구 상림동 488-10,2016-06-09,2016-11-24
336,성덕3호태양광발전소,23,전라북도 전주시 덕진구 성덕동 180-2,2016-06-13,2016-09-19
337,엠제이태양광발전소,99,전라북도 전주시 덕진구 용정동 260-28,2016-06-27,2016-11-17
338,애드태양광발전소,30,전라북도 전주시 덕진구 삼천동2가 673-11 ,2016-06-29,2016-09-14
339,종합태양광발전소,20,"전라북도 전주시 덕진구 용소로 86, 주1(송천동1가 835-5) ",2016-06-29,2016-09-12
340,드림태양광발전소1,60,전라북도 전주시 덕진구 여의동 751-56 외6필지 주2동,2016-06-29,2016-10-17
341,드림태양광발전소2,82,전라북도 전주시 덕진구 여의동 751-56 외6필지 주1동,2016-06-29,2016-10-17
342,한신태양광발전소1,49.5,전라북도 전주시 덕진구 호성동1가 705-3,2016-07-08,2016-09-08
343,한신태양광발전소2,99,전라북도 전주시 덕진구 호성동1가 705-3(위),2016-07-13,2016-09-08
344,산내들태양광발전소,24,전라북도 전주시 완산구 중앙동4가 16-11,2016-08-22,2016-11-29
345,예향태양광발전소,99.225,전라북도 전주시 덕진구 성덕동 171-8 ,2016-08-23,2017-06-26
346,중앙전기,70.72,전라북도 전주시 덕진구 추천로 19 ,2016-08-23,2017-06-30
347,다온S.G태양광발전소,98.8,전라북도 전주시 덕진구 산정동 65-9,2016-10-14,2017-05-15
348,풍천태양광발전소,11.85,전라북도 전주시 덕진구 쪽구름로 134-6(반월동),2016-10-14,2019-07-30
349,건국 태양광발전소,63.36,전라북도 전주시 덕진구 감수길30-26(팔복동4가 172-1),2016-12-27,2017-05-26
350,태영 태양광발전소,32.16,전라북도 전주시 덕진구 인후동1가 807-14,2016-12-27,2017-05-24
351,한나 태양광발전소,15.84,전라북도 전주시 완산구 우림로 981,2016-12-29,2017-05-11
352,한뫼 태양광발전소,29,전라북도 전주시 완산구 서노송동 737-8,2016-12-29,2017-06-07
353,경원태양광발전소,248,전라북도 전주시 완산구 원당동 697-1,2016-09-08,2017-11-02
354,명문물류태양광2차,294.8,"전라북도 전주시 덕진구 야전2길 34-4(1,2,3,4동)",2016-12-23,2017-03-14
355,중인태양광발전소1,49.5,전라북도 전주시 완산구 중인동 910-1,2017-01-19,2017-05-24
356,태정태양광발전소,49.5,전라북도 전주시 완산구 원당동 709-7,2017-01-19,2017-04-12
357,유정태양광발전소,99,전라북도 전주시 덕진구 반월동 620-14,2017-01-25,2017-04-04
358,이삭태양광발전소,99,전라북도 전주시 덕진구 성덕동 173-18,2017-03-03,2017-06-19
359,이순이태양광발전소,49.5,"전라북도 전주시 덕진구 감수길 30-10외3필지(팔복동4가 166-14,166-84,167-3,169-5",2017-03-09,2017-04-17
360,금양이엔지태양광발전소,20.1,전라북도 전주시 완산구 평화동2가 722-16,2017-03-13,2017-04-24
361,아폴론에너지태양광발전소,44.55,전라북도 전주시 덕진구 팔복동4가 257-11,2017-03-21,2017-04-27
362,대건태양광발전소,98.91,전라북도 전주시 덕진구 신복로 18-19(팔복동1가),2017-03-28,2017-09-27
363,ST태양광발전소,99,"전라북도 전주시 덕진구 남정동 209-53,209-87,209-84,209-65",2017-03-30,2018-06-25
364,정태양광발전소,99,"전라북도 전주시 덕진구 남정동 209-80, 209-88",2017-03-30,2018-06-25
365,일구태양광발전소,99,"전라북도 전주시 덕진구 남정동 244-7, 244-1, 209-70",2017-03-30,2018-06-05
366,화목태양광발전소,99,"전라북도 전주시 덕진구 남정동 209-71, 209-82, 244-5, 244-12, 243-6, 243-1",2017-03-30,2018-06-05
367,은평태양광발전소,99,"전라북도 전주시 덕진구 남정동 244-2, 244-3, 209-81",2017-03-30,2018-06-25
368,효자1태양광발전소,99,"전라북도 전주시 덕진구 남정동 244-14, 243-9, 247-1, 209-86",2017-03-30,2018-06-04
369,해날마다태양광발전소,99,"전라북도 전주시 덕진구 남정동 246-2, 245, 244-13, 243-8, 247",2017-03-30,2018-06-05
370,KIS3태양광발전소,99,"전라북도 전주시 덕진구 남정동 244-11, 244-4",2017-03-30,2018-06-25
371,DJ테크태양광발전소,99,"전라북도 전주시 덕진구 남정동 248-20, 245-2, 244-9",2017-03-30,2018-06-05
372,엘림2태양광발전소,99,"전라북도 전주시 덕진구 남정동 245-3, 246, 244-10, 248-1",2017-03-30,2018-06-04
373,훈태양광발전소,99,"전라북도 전주시 덕진구 남정동 248-19, 245-4, 246-3, 247-2",2017-03-30,2018-06-05
374,다움 태양광발전소,19,전라북도 전주시 덕진구 호성동3가 821-1,2017-03-28,2017-08-10
375,대서 태양광발전소,99,"전라북도 전주시 덕진구 팔복동 3가 518-13, 518-21,518-22",2017-03-28,2017-08-10
376,(유)맑은누리 태양광발전소,19.72,전라북도 전주시 덕진구 서당길 37(용전동 92-5),2017-04-25,2017-07-06
377,완산 태양광발전소,15.075,전라북도 전주시 완산구 서완산동1가 203번지,2017-04-25,2017-06-15
378,YM1 태양광발전소,99.96,전라북도 전주시 덕진구 산정동 70-4,2017-04-27,2017-09-13
379,YM2 태양광발전소,80.24,전라북도 전주시 덕진구 산정동 70-4,2017-04-27,2017-09-13
380,우리밀1호 태양광,99.45,"전라북도 전주시 덕진구 용정동 591-4, 595-3, 주1,부3,부5",2017-05-01,2017-08-08
381,우리밀2호 태양광,34,"전라북도 전주시 덕진구 용정동 591-4,부2 주4",2017-05-01,2017-08-08
382,디에이치쏠라태양광,99,"전라북도 전주시 덕진구 신성길 19(성덕동, 173-56)",2017-05-01,2017-08-24
383,천일태양광발전소,97.92,전라북도 전주시 덕진구 신성길 32(성덕동 172-29),2017-05-01,2019-10-04
384,서경태양광발전소,20,"전라북도 전주시 덕진구 건지로 10-15, 주1(금암동, 1596-14)",2017-05-11,2017-09-27
385,양광태양광발전소,99.36,전라북도 전주시 덕진구 남정동 348-2,2017-05-15,2018-03-06
386,화니태양광발전소,99.36,전라북도 전주시 덕진구 남정동 215-176,2017-05-15,2018-03-06
387,덕동태양광발전소,99.36,전라북도 전주시 덕진구 남정동 215-177,2017-05-15,2018-03-06
388,혜지태양광발전소,99.36,전라북도 전주시 덕진구 남정동 215-178,2017-05-15,2018-03-06
389,은혜태양광발전소,99,전라북도 전주시 덕진구 남정동 215-179,2017-05-15,2018-03-06
390,엠테크태양광발전소,24,전라북도 전주시 덕진구 용덕길 3-14,2017-06-14,2017-08-08
391,우리태양광발전소,37.8,전라북도 전주시 완산구 백마산길 63-4,2017-06-14,2017-09-04
392,상중하성덕2호태양광발전소,28.05,전라북도 전주시 덕진구 성덕동 179-17 주2,2017-07-04,2018-03-16
393,포도송이3호 태양광발전소,99,전라북도 전주시 덕진구 송천동2가 376-33,2017-07-24,2018-03-05
394,유명태양광발전소,83.07,전라북도 전주시 완산구 난전들로 247(삼천동1가 415-9),2017-07-26,2017-11-09
395,경열태양광발전소,99.75,"전라북도 전주시 덕진구 송천동2가 776-8(주1, 주2)",2017-08-22,2017-12-06
396,세아태양광발전소,50,전라북도 전주시 완산구 공북5길 18(태평동 1-41),2017-08-25,2017-12-04
397,유창 솔라텍발전소,99.84,"전라북도 전주시 덕진구 남정동 209-90, 215-4",2017-09-15,2019-10-11
398,대림 태양광발전소,19.44,전라북도 전주시 덕진구 여의동 818-1,2017-09-15,2018-04-05
399,고양 태양광발전소,99,전라북도 전주시 덕진구 감수길 10-42(팔복동4가),2017-09-15,2018-04-26
400,건영2호 태양광발전소,19.44,전라북도 전주시 덕진구 용암길 52-3(반월동 631-1),2017-09-21,2018-02-23
401,건영1호 태양광발전소,50.4,전라북도 전주시 덕진구 반월동 623-13,2017-09-21,2018-02-23
402,유광 태양광발전소,98.6,전라북도 전주시 덕진구 성덕동 82-1,2017-09-27,2018-11-02
403,안심 태양광발전소,39.6,전라북도 전주시 완산구 안심새길 20(상림동),2017-09-27,2017-11-22
404,행복발전소1,99.75,전라북도 전주시 덕진구 원동 515-2,2017-09-28,2019-05-13
405,행복발전소2,99.75,전라북도 전주시 덕진구 원동 515-2,2017-09-28,2019-05-13
406,미락 태양광발전소,70,전라북도 전주시 완산구 장승배기로 62-4외 2동,2017-10-26,
407,유명 태양광발전소,99,"전라북도 전주시 완산구 중화산동2가 31-5,31-11",2017-11-02,2017-12-28
408,미락1호 태양광발전소,35,전라북도 전주시 완산구 삼천동2가 483-2,2017-11-03,
409,송민 태양광발전소,99.18,"전라북도 전주시 덕진구 원동 352-19, 352-21",2017-11-07,2018-11-16
410,써니 태양광발전소,99.18,전라북도 전주시 덕진구 원동로 20(원동 352-19),2017-11-07,2018-11-16
411,사랑 태양광발전소,99.18,전라북도 전주시 덕진구 원동로 18(원동 352-21),2017-11-07,2018-11-16
412,장형파워 태양광발전소,67.2,전라북도 전주시 덕진구 완주로 79-2(호성동2가 491-4)건물,2017-08-29,2018-01-17
413,중앙창호 태양광발전소,99.4,전라북도 전주시 덕진구 팔복동1가 204-9,2017-11-21,2018-05-30
414,천하1호 태양광발전소,99.28,"전라북도 전주시 덕진구 반월동 619-28(1,2동)건물",2017-11-21,2018-06-04
415,천하2호 태양광발전소,76.5,전라북도 전주시 덕진구 반월동 619-26(1동)건물,2017-11-23,2018-06-04
416,하은호 태양광발전소,98.56,"전라북도 전주시 덕진구 팔복동1가 232-4, 283-1(주1,주1,주1)및 건물",2017-11-23,2018-03-22
417,금상1호 태양광발전소,54.4,전라북도 전주시 덕진구 금상동 1293-1,2017-11-23,2018-12-06
418,형로 태양광발전소,86.87,전라북도 전주시 덕진구 팔복동4가 166-11,2017-11-23,2019-01-11
419,남형 태양광발전소,20,전라북도 전주시 덕진구 솔내로 139,2017-12-14,2018-03-23
420,미성 태양광발전소,96.9,"전라북도 전주시 덕진구 팔복동1가 175, 175-1, 176-1",2017-12-14,2018-04-30
421,JJ솔라 태양광발전소1,49.5,"전라북도 전주시 덕진구 팔복동1가 108-1, 100-4,105-4,106-2,107-2,799-16(건축물 주5동 상부)",2017-12-14,2018-03-28
422,JJ솔라 태양광발전소2,49.5,"전라북도 전주시 덕진구 팔복동2가 99-2, 96-2",2017-12-14,2018-03-28
423,장동1호태양광발전소,241.2,전라북도 전주시 덕진구 장동 산14-5,2017-02-16,
424,장동2호태양광발전소,203.68,전라북도 전주시 덕진구 장동 산14-6,2017-02-16,
425,세진태양광발전소,241.2,"전라북도 전주시 덕진구 반월동 30-1위(64.32kW)(주1,주2), 30-3(주1), 30-4(주1)",2017-06-26,2018-01-05
426,전주콩나물영농조합태양광발전소,198.99,"전라북도 전주시 덕진구 수리재길 13(금상동 1288-21, 1288-9), 수곡길 9-5(금상동 1288-11, 1288-24)",2017-07-12,2018-02-27
427,우정태양광발전소,198,"전라북도 전주시 덕진구 팔복동4가 170-2(주1,주2)",2017-07-27,2017-12-01
428,선광태양광발전소,293.28,"전라북도 전주시 덕진구 남정동 209-93, 215-185",2017-09-20,2019-10-11
429,올바름2호태양광발전소,199.68,"전라북도 전주시 덕진구 남정동 209-94, 215-186",2017-09-20,2019-10-11
430,제이엔제이태양광발전소,199.68,"전라북도 전주시 덕진구 남정동 209-33, 215-187, 209-95",2017-09-20,2019-10-11
431,참솔라2호태양광발전소,152.49,"전라북도 전주시 덕진구 남정동 209-89, 210-1",2017-09-20,2019-10-11
432,형철태양광발전소,297,"전라북도 전주시 덕진구 장동 산38, 885-6",2017-10-23,2018-09-20
433,해담1호태양광발전소,348.16,"전라북도 전주시 덕진구 팔복동1가 200-3, 199-2, 198-5",2017-11-06,
434,팔복동태양광발전소,299,"전라북도 전주시 덕진구 팔복동4가 215-59 A동, C동",2017-11-08,2018-02-05
435,망우태양광발전소,998.4,"전라북도 전주시 덕진구 금상동 산59-1, 892-1, 893",2017-12-21,
436,망우1호태양광발전소,391.935,전라북도 전주시 덕진구 금상동 산59-1,2017-12-21,
437,해미래 태양광발전소,16.25,전라북도 전주시 덕진구 사평로 43-3,2018-01-04,
438,나단 태양광발전소,18,전라북도 전주시 덕진구 금암동 709-29,2018-01-04,2018-04-11
439,기린 태양광발전소,28.8,전라북도 전주시 완산구 중노송동 14-4,2018-01-09,2018-08-10
440,대화 태양광발전소,19.6,전라북도 전주시 완산구 우전2길45(효자동2 156-4),2018-01-09,2018-08-29
441,해온 태양광발전소,99.36,"전라북도 전주시 덕진구 원동 247, 247-5, 246-2",2018-02-06,2019-12-13
442,해뜰 태양광발전소,99.36,"전라북도 전주시 덕진구 원동 247, 247-2, 246-1",2018-02-06,2019-12-13
443,대형 태양광발전소,40.32,전라북도 전주시 덕진구 정여립로968 주1(만성동623),2018-02-20,2018-04-05
444,해성1호 태양광발전소,91.77,전라북도 전주시 덕진구 신성길8(성덕동 172-35),2018-02-23,2019-04-12
445,동국에너지 태양광발전소,97.2,전라북도 전주시 덕진구 팔복동4가 180번지,2018-03-06,
446,UP 태양광발전소,97.92,전라북도 전주시 덕진구 남정동 209-46(ㄴ),2018-03-14,2019-06-28
447,VIP 태양광발전소,97.92,전라북도 전주시 덕진구 남정동 209-46(ㄱ),2018-03-14,2019-06-28
448,지나 태양광발전소,99,"전라북도 전주시 완산구 효자동3가 989-3, 989-6",2018-03-14,
449,노블 태양광발전소,44.73,전라북도 전주시 덕진구 전미동2가 76-1(주1),2018-03-14,2018-08-09
450,백시원 태양광발전소,32,전라북도 전주시 완산구 삼천동1가 632,2018-03-21,2018-08-29
451,한솔 태양광발전소,57.6,전라북도 전주시 덕진구 팔복동2가 125-1,2018-03-21,
452,멀티 태양광발전소,99,전라북도 전주시 덕진구 추천로 177-10,2018-04-03,2019-10-02
453,숙자 태양광발전소,19.72,전라북도 전주시 덕진구 건산4길 9(진북동),2018-04-03,2018-08-20
454,대한 태양광발전소,77.015,"전라북도 전주시 덕진구 산정동 883-12,883-1,883-2,883-3",2018-04-03,2018-06-25
455,효성 태양광발전소,32.4,전라북도 전주시 완산구 상림동 110-2,2018-04-11,2018-06-12
456,봉유통 태양광발전소,65.7,전라북도 전주시 덕진구 용신길 60(용정동),2018-04-20,2018-09-21
457,진북에너지 태양광발전소,19.88,전라북도 전주시 덕진구 진북동 834-8,2018-04-20,2018-07-06
458,한성11호 태양광발전소,14.16,전라북도 전주시 덕진구 성덕동 368-4,2018-04-24,
459,수민 태양광발전소,99.4,전라북도 전주시 덕진구 원동 676(ㄴ),2018-04-24,
460,내일산업 태양광발전소,40.32,전라북도 전주시 덕진구 고랑동 304-4,2018-05-08,2018-07-17
461,종철 태양광발전소,69.12,전라북도 전주시 완산구 석구동 244-21,2018-05-08,2018-08-24
462,다온 태양광발전소,92.82,전라북도 전주시 덕진구 용정동 264-37,2018-05-10,2019-04-12
463,신정2호에너지 태양광발전소,99.9,전라북도 전주시 덕진구 화전동 66-1,2018-05-16,
464,완산 태양광발전소,10.88,전라북도 전주시 완산구 효자동1가 179-7,2018-05-16,2018-12-10
465,롯데빌리지발전소,31.32,전라북도 전주시 완산구 안터5길 13-5,2018-05-21,
466,전주시민햇빛발전소1호,99.96,"전라북도 전주시 완산구 삼천동3가 339-10, 효자동2가 1085-49(효자배수지상부)",2018-05-24,2019-01-31
467,다사랑태양광,19.8,전라북도 전주시 완산구 신봉3길 7,2018-05-28,2019-09-11
468,편한빌태양광,19.5,전라북도 전주시 완산구 서곡2길 5-10,2018-05-28,
469,전주로컬에프앤비2차태양광발전소,38.08,전라북도 전주시 덕진구 수리재길 13,2018-05-28,
470,광미사 태양광발전소,15.075,전라북도 전주시 완산구 거마평로 74,2018-05-28,2018-08-16
471,세인4호 태양광발전소,99.4,"전라북도 전주시 덕진구 금상동 1100(ㄱ), 1102(ㄹ)",2018-05-30,
472,세인5호 태양광발전소,99.4,"전라북도 전주시 덕진구 금상동 1100(ㄴ), 1102(ㅁ)",2018-05-30,
473,세인1호 태양광발전소,99.4,"전라북도 전주시 덕진구 금상동 1102(ㄱ), 1123(ㄱ)",2018-06-04,
474,세인2호 태양광발전소,99.4,"전라북도 전주시 덕진구 금상동 1102(ㄴ), 1123(ㄴ)",2018-06-04,
475,세인3호 태양광발전소,99.4,"전라북도 전주시 덕진구 금상동 1102(ㄷ), 1123(ㄷ)",2018-06-04,
476,트윈하우스 태양광발전소,30.24,전라북도 전주시 덕진구 인후동1가 898-12,2018-06-05,2018-10-29
477,효성1호 태양광발전소,99.36,전라북도 전주시 덕진구 운암로 25 (팔복동2가 834-3),2018-02-12,2018-11-23
478,한옥 태양광발전소,24.82,전라북도 전주시 덕진구 용신길 26-3,2018-06-19,2019-04-12
479,아세아 태양광발전소,15,전라북도 전주시 덕진구 한배미로1길 59(인후동1가),2018-06-25,2018-08-29
480,그린 태양광발전소,28.8,전라북도 전주시 완산구 중화산동2가 24-3,2018-06-25,
481,도현쏠라 태양광발전소,21.12,전라북도 전주시 덕진구 진기길 8(전미동2가),2018-06-27,2018-12-04
482,선에너지1호태양광발전소,99.6,전라북도 전주시 덕진구 도강길 166(강흥동),2018-07-05,
483,형제 태양광발전소,40.32,"전라북도 전주시 완산구 중화산동2가, 640-8, 640-9",2018-07-05,2019-04-09
484,서린 태양광발전소,74.46,전라북도 전주시 완산구 난전들로 140-11,2018-07-18,2018-11-13
485,강남에너지,19,전라북도 전주시 덕진구 상리로 38(팔복동2가),2018-07-23,2018-12-20
486,정현1호 태양광발전소,51.12,전라북도 전주시 덕진구 산정동 137번지 제1동,2018-07-24,2019-05-17
487,정현2호 태양광발전소,25.92,전라북도 전주시 덕진구 산정동 137번지 제2동,2018-07-24,2019-05-17
488,정현3호 태양광발전소,25.92,전라북도 전주시 덕진구 산정동 137번지 제3동,2018-07-24,2019-05-17
489,지운태양광발전소,99.4,"전라북도 전주시 덕진구 원동 676, 677-1, 666-2",2018-08-06,
490,대봉시태양광발전소,96,전라북도 전주시 덕진구 금상동 794,2018-08-06,2019-01-31
491,대성태양광발전소,30,전라북도 전주시 덕진구 건산4길 7-1(진북동 357-2),2018-08-06,2019-01-22
492,오피체태양광발전소,99.9,전라북도 전주시 덕진구 상리2길 31(팔복동2가),2018-08-10,2018-11-26
493,가족태양광발전소,99.45,전라북도 전주시 덕진구 송천동2가 41-23외 1필지,2018-08-10,2020-05-19
494,삼양전력태양광발전소,99.28,전라북도 전주시 덕진구 구렛들3길 53(팔복동4가 247-1 외 2필지),2018-08-10,2018-11-07
495,완수태양광발전소,16.2,전라북도 전주시 완산구 하거마5길 15(삼천동1가),2018-08-10,2018-12-03
496,제일태양광발전소,67.2,전라북도 전주시 완산구 효자동2가 760-1 외1,2018-08-13,2019-04-19
497,용복현대발전소1호,97.2,전라북도 전주시 완산구 용복동 208-5외 1,2018-08-13,2018-11-28
498,용복현대발전소2호,46.08,전라북도 전주시 완산구 용복동 208-6,2018-08-13,2018-11-28
499,영하태양광발전소,99.9,전라북도 전주시 덕진구 호남로 2519-19(성덕동 76-6),2018-03-08,2019-02-28
500,일진태양광발전소,86.24,전라북도 전주시 덕진구 삼례로 145(반월동8-2),2018-08-21,2019-01-14
501,강남1호,17.28,전라북도 전주시 덕진구 용정동 592-5,2018-09-04,
502,장원태양광발전소,19.32,전라북도 전주시 완산구 중화산동2가 735-10,2018-09-12,2019-01-14
503,어울림태양광발전소,18,전라북도 전주시 완산구 서곡2길 2-9,2018-09-19,2019-01-02
504,DY태양광발전소,99.33,"전라북도 전주시 덕진구 남정동 235-2, 235-3",2018-10-01,
505,어울림태양광발전소,99.33,"전라북도 전주시 덕진구 남정동 235-13, 235-16",2018-10-01,2020-05-14
506,은혜태양광발전소,99.33,"전라북도 전주시 덕진구 남정동 235-14, 235-17,249",2018-10-01,2020-05-14
507,하리태양광발전소,99.33,전라북도 전주시 덕진구 남정동 249-2,2018-10-01,2019-12-30
508,빠른태양광발전소,99.33,전라북도 전주시 덕진구 남정동 249-4,2018-10-01,2019-12-30
509,으뜸태양광발전소,99.33,전라북도 전주시 덕진구 남정동 249-6,2018-10-01,2019-12-30
510,믿음태양광발전소,99.33,전라북도 전주시 덕진구 남정동 249-8,2018-10-01,2019-12-30
511,대방태양광발전소,99.33,전라북도 전주시 덕진구 남정동 345-1,2018-10-01,
512,하늘공장태양광발전소1호,99.72,전라북도 전주시 덕진구 우아동1가 564,2018-10-08,
513,아이숲태양광발전소,51,전라북도 전주시 덕진구 고랑동 332-1,2018-10-08,2019-05-13
514,규범태양광발전소,19.8,전라북도 전주시 덕진구 우아동3가 744-76,2018-10-30,2019-06-28
515,영주태양광발전소,24.8,전라북도 전주시 덕진구 우아동3가 752-23,2018-10-30,2019-06-28
516,호성교회태양광발전소,29.64,"전라북도 전주시 덕진구 호성동3가 41-1, 43, 198-5",2018-10-30,2019-08-21
517,준에너지태양광발전소,99.145,전라북도 전주시 덕진구 호성동2가 593-5,2018-11-12,2019-05-17
518,금남종합건재태양광발전소,99.9,전라북도 전주시 덕진구 팔복동1가 79-4,2018-11-12,
519,JC Tech태양광발전소,99.9,전라북도 전주시 덕진구 호성동3가 211-3,2018-11-12,
520,유한회사마이더스벤처,99.28,"전라북도 전주시 완산구 삼천동1가 306-12,306-25,306-26",2018-11-22,
521,삼천태양광발전소,15.4,전라북도 전주시 완산구 삼천동1가 433-30,2018-11-22,2019-03-07
522,금상태양광발전소,78,전라북도 전주시 덕진구 금상동 1289-1,2018-11-29,2019-11-21
523,신기1호발전소,137.28,전라북도 전주시 덕진구 남정동 341-36,2018-01-04,
524,효성1호태양광발전소,198,전라북도 전주시 덕진구 운암로 25(팔복동2가 834-3)(제1동),2018-02-12,
525,엘텍인터내셔날태양광발전소,448.95,"전라북도 전주시 덕진구 팔복동 3가 148-1, 141(주1, 주2, 주3)",2018-02-23,2018-11-16
526,티제이1호태양광발전소,195.84,"전라북도 전주시 덕진구 상리1길 14(A동, B동)",2018-03-05,
527,영하태양광발전소,195.84,"전라북도 전주시 덕진구 호남로 2519-19(성덕동 76-6)위-97.92kw,(주1)-97.92kw",2018-03-27,
528,한마음태양광발전소,199.44,"전라북도 전주시 덕진구 남정동 327, 328",2018-04-03,
529,메이커에너지,150,"전라북도 전주시 덕진구 용덕길 5-9(주1, 주2), 5-11(주1)",2018-04-10,
530,㈜피치케이블,187.92,"전라북도 전주시 덕진구 팔복동1가 243-74, 팔복동4가240-1, 241-18, 주1, 주3(신복로 121)",2018-04-10,2018-11-27
531,금상태양광발전소,136.08,"전라북도 전주시 덕진구 금상동 1288-3, 1288-4",2018-04-16,2018-12-12
532,농협전주유통센터태양광발전소,496.8,"전라북도 전주시 덕진구 여의동 850, 841, 842-1, 844-2",2018-05-16,2019-11-28
533,망우수상태양광발전소,999.6,"전라북도 전주시 덕진구 원동 474, 산167-1, 산164-2, 702-1, 703-1, 산85-1, 252-2, 완주군 이서면 남계리 133-1, 133-2 ",2018-09-03,
534,재은태양광발전소,498.42,"전라북도 전주시 덕진구 원동 676, 677-1, 666-2",2018-09-06,
535,비엠에프태양광발전소,200,전라북도 전주시 완산구 평화18길 22,2018-09-06,2019-01-21
536,형배태양광,298.08,전라북도 전주시 완산구 삼천동2가 728-99,2018-09-11,
537,신흥태양광발전소,147.825,"전라북도 전주시 완산구 중화산동1가 188, 200-12(주5)",2018-09-18,2020-02-24
538,상림2호태양광발전소,499.45,"전라북도 전주시 완산구 삼천동3가 산226-2, 산228-4",2018-10-01,
539,상림1호태양광발전소,499.45,전라북도 전주시 완산구 삼천동3가 산226-2,2018-10-01,
540,금영섬권역부문사옥태양광발전소,131.4,"전라북도 전주시 덕진구 여의동 651, 653-3, 654-5, 702-2, 1304-11(: 82.125kW,(주1):49.275kW)",2018-10-19,2019-05-08
541,YN에너지발전소,198.72,전라북도 전주시 완산구 석구동 770-1,2018-10-23,
542,㈜아이피아이,438,"전라북도 전주시 덕진구 여의동 751-24(주1, 주2, 주3, 주4)",2018-12-10,2019-06-27
543,전북본부주차장태양광발전소,138.6,전라북도 전주시 덕진구 용정동 506-6,2018-12-20,
544,아이비모터스㈜태양광발전소,51.84,전라북도 전주시 덕진구 팔복동2가 829-5,2019-01-10,2019-06-08
545,송천만인태양광발전소2호,99.9,전라북도 전주시 덕진구 송천동2가 636-1 외 8필지,2019-01-11,2020-03-23
546,로얄태양광발전소,48,전라북도 전주시 덕진구 우아동1가 1114-7,2019-01-15,
547,대륙태양광발전소,50,전라북도 전주시 덕진구 여의동 569-3,2019-01-21,
548,유진태양광발전소,19.25,전라북도 전주시 완산구 효자동3가 745-1,2019-01-25,2019-05-16
549,열태양광발전소,99.84,"전라북도 전주시 덕진구 남정동 235-1,7,8,9",2019-01-30,
550,신용태양광발전소,64.68,전라북도 전주시 덕진구 남정동 250,2019-01-30,2019-12-30
551,태성태양광발전소,92.82,전라북도 전주시 덕진구 용정동 265-28,2019-02-08,2019-07-04
552,시근태양광발전소,52.5,전라북도 전주시 완산구 삼천동3가 586-2(호동길 53),2019-02-13,2019-12-20
553,화전태양광발전소,19.76,전라북도 전주시 덕진구 화전신평길 34,2019-02-13,2019-08-12
554,신전주태양광발전소,19.72,전라북도 전주시 덕진구 백제대로 607,2019-02-27,2019-07-10
555,전주강림교회태양광발전소,88.875,전라북도 전주시 덕진구 매봉로 23,2019-03-05,2019-05-29
556,김천수태양광발전소,19.24,전라북도 전주시 덕진구 우아동2가 896-8,2019-03-12,2019-07-05
557,김정선태양광발전소,19.24,전라북도 전주시 덕진구 산정동 883-4,2019-03-12,2019-07-05
558,우신1호태양광발전소,99.54,전라북도 전주시 덕진구 팔복동4가 960-8,2019-03-12,2019-12-31
559,코리아태양광발전소,71.175,전라북도 전주시 완산구 평화동3가 222-4 외 1필지,2019-03-19,2019-06-03
560,나림태양광발전소,70,전라북도 전주시 완산구 백마산길 9,2019-03-19,2019-10-21
561,수정태양광발전소,24.07,전라북도 전주시 완산구 삼천동1가 734-13,2019-04-01,2019-09-05
562,포도송이4호태양광발전소,99.645,전라북도 전주시 덕진구 송천동2가 375-4,2019-04-02,2019-06-28
563,서정1호태양광발전소,19.89,전라북도 전주시 완산구 상림동 555-5,2019-04-08,
564,예스태양광발전소,27,전라북도 전주시 덕진구 송천동1가 819-9,2019-04-08,
565,신광태양광발전소,80.19,전라북도 전주시 완산구 효자동1가 370-1,2019-04-10,2019-11-19
566,정현4호태양광발전소,20.16,전라북도 전주시 덕진구 산정동 137,2019-04-12,2019-10-21
567,㈜건설품질시험원태양광발전소,31.08,전라북도 전주시 완산구 춘향로 5146,2019-04-19,2019-07-01
568,덕진태양광발전소,15.21,전라북도 전주시 덕진구 금암동 163,2019-04-22,2019-09-18
569,우리태양광발전소,93.6,전라북도 전주시 덕진구 전미동2가 101-2,2019-04-22,2019-07-26
570,정성빌딩발전소,40.92,전라북도 전주시 덕진구 덕진동 1가 1264-13,2019-04-23,2019-09-20
571,미소2호태양광발전소,14.4,전라북도 전주시 덕진구 인후동1가 871-8,2019-05-03,
572,건강나라태양광발전소,99.2,"전라북도 전주시 완산구 평화동2가 259-23, 258-7,526",2019-05-22,
573,아름태양광발전소,98.55,전라북도 전주시 완산구 효자동3가 1451,2019-05-28,2019-08-23
574,천일에너지,98.77,전라북도 전주시 덕진구 덕진동1가 1120-9 외 3(가리내로 94),2019-06-17,2019-10-24
575,평화태양광발전소,15.6,전라북도 전주시 완산구 서신동 925-3(고사평로 33),2019-06-20,2019-11-14
576,예우랑,19.5,전라북도 전주시 완산구 중화산동2가 579-7 외1(효자로 333),2019-06-20,2019-12-09
577,신산이태양광1호발전소,82.88,"전라북도 전주시 덕진구 여의동 660-34 외3필지,제1동(비석날로59-11)",2019-07-02,
578,신산이태양광2호발전소,31.08,"전라북도 전주시 덕진구 여의동 660-34 외3필지,제2동(비석날로59-11)",2019-07-02,
579,효성2호태양광발전소,67.2,"전라북도 전주시 덕진구 팔복동2가 834-3, 제1동(운암로 25)",2019-07-02,2020-02-24
580,영하태양광발전소3호,99.9,전라북도 전주시 덕진구 호남로 2519-19(성덕동 76-6),2019-07-09,2020-01-29
581,축복태양광발전소,18.225,전라북도 전주시 완산구 서신동 850-6(서신천변2길 10),2019-07-10,2019-09-17
582,황태종태양광발전소,19.44,전라북도 전주시 완산구 서신동 847-19(서신천변로 24),2019-07-10,2019-09-17
583,주원태양광발전소,14.8,전라북도 전주시 완산구 삼천동3가 193-8(모과길 33-1),2019-07-18,
584,태정태양광발전소,99.84,전라북도 전주시 덕진구 팔복동1가 91-3(추천로 181),2019-07-29,2020-01-03
585,희태양광발전소,53.95,"전라북도 전주시 덕진구 남정동 236-3, 236-6",2019-07-29,
586,와이케이8호태양광발전소,785.89,"전라북도 전주시 덕진구 팔복동3가 400,400-6(팔복로 173, 181)",2019-02-14,2019-06-24
587,성덕동173태양광발전소,129.36,전라북도 전주시 덕진구 성덕동 173-20(신성길 47),2019-02-26,
588,그린에너지태양광발전소,88.8,"전라북도 전주시 완산구 평화동2가 326-30, 361-2(모악로 4661)",2019-08-07,2019-10-14
589,대화2발전소,20,전라북도 전주시 완산구 효자동2가 156-3(우전2길 47),2019-08-07,2020-06-05
590,한보발전소,39.68,전라북도 전주시 덕진구 팔복동3가 61-2(추천로 19-17),2019-08-13,2019-12-17
591,케이제이태양광발전소,99.6,전라북도 전주시 완산구 삼천동3가 740,2019-08-22,
592,진양태양광발전소,29.6,전라북도 전주시 완산구 석구동 624-2(구이로 1957-6),2019-08-22,2019-12-26
593,성두례태양광발전소,79.68,전라북도 전주시 덕진구 고랑동 612-59(삼례로 102-47),2019-08-26,2020-01-06
594,에스더블유태양광발전소,92.96,전라북도 전주시 덕진구 고랑동 612-3(삼례로 102-43),2019-08-26,2020-01-09
595,에스에이치태양광발전소,97.58,전라북도 전주시 덕진구 용정동 264-33(용덕길 47-29),2019-08-26,2020-02-13
596,우아태양광발전소,16.185,전라북도 전주시 덕진구 우아동3가 751-74(도당산로 39),2019-09-24,2020-03-16
597,규항발전소,91.3,"전라북도 전주시 덕진구 반월동 30-7, 주1,주2",2019-09-24,2019-12-26
598,네프1호발전소,29.64,"전라북도 전주시 덕진구 팔복동2가 838-7, 주3(팔복로 200)",2019-09-24,2020-01-31
599,네프2호발전소,29.64,"전라북도 전주시 덕진구 팔복동2가 838-7, 주4(팔복로 200)",2019-09-24,2020-01-31
600,네프3호발전소,29.64,"전라북도 전주시 덕진구 팔복동2가 838-7, 주5(팔복로 200)",2019-09-24,2020-01-31
601,산정태양광발전소,29.25,전라북도 전주시 덕진구 산정동 882-5(아중천2길 27-5),2019-09-24,2020-04-22
602,와이에스산업태양광발전소,74.7,"전라북도 전주시 덕진구 원동 574-1, 574-2,주1(번영로 202-35)",2019-09-25,2020-02-17
603,대경태양광발전소,159.84,"전라북도 전주시 덕진구 화전동 60-8, 60-11, 60-12(주1, 주1, 주1)",2019-06-05,2019-09-20
604,대현발전소,99.9,전라북도 전주시 덕진구 팔복동3가 27-5,2019-09-30,2019-12-26
605,전주시민햇빛발전소2호,98.28,"전라북도 전주시 덕진구 호성동1가 산36-4, 호성동2가 산59-7(천마배수지 상부)",2019-10-16,
606,우신2호태양광발전소,145.36,"전라북도 전주시 덕진구 고랑동 290-8(주1, 주2)",2019-04-08,2019-12-24
607,금원태양광발전소,33.3,전라북도 전주시 완산구 상림동 78-4(콩쥐팥쥐로 1631),2019-11-13,
608,빅스타태양광발전소,14.94,전라북도 전주시 완산구 삼천동3가 445-2(삼)산길 27,2019-11-13,2019-12-30
609,다온태양광발전소,27.75,전라북도 전주시 완산구 평화동1가 718-5(평화로 209),2019-11-18,2019-12-16
610,스카이태양광발전소,73.71,전라북도 전주시 덕진구 장동 555-4(재방마을길 21),2019-11-18,2020-06-18
611,디자인농부태양광발전소,99,전라북도 전주시 덕진구 도강길 1-130,2019-12-04,2020-03-25
612,석환태양광발전소,99,전라북도 전주시 덕진구 여의동 542-35(반룡로 143-12),2019-12-05,2020-07-07
613,한울태양광발전소,19.44,전라북도 전주시 완산구 서신동 846-2(서신천변로 27),2019-12-05,2020-03-04
614,덕진1호태양광발전소,68.88,전라북도 전주시 덕진구 전미동2가 81-7(강구레길 218),2019-12-10,
615,덕진2호태양광발전소,61.5,전라북도 전주시 덕진구 전미동2가 81-8(강구레길 216),2019-12-10,
616,덕진3호태양광발전소,49.39,전라북도 전주시 덕진구 덕진동1가 1440-28(가리내로 132),2019-12-10,
617,한국도로공사전북본부옥상태양광발전소,306.73,전라북도 전주시 덕진구 용정동 506-6(번영로 420),2019-12-17,
618,동완태양광발전소,59.76,"전라북도 전주시 덕진구 전미동2가 34-11, 34-15(전미중앙로 188-26, 188-24)",2019-12-17,2020-03-13
619,우리태양광발전소,29.625,전라북도 전주시 완산구 석구동 231-17(신평길 27-8),2019-12-17,2020-03-02
620,영성태양광발전소,35,전라북도 전주시 완산구 상림동 110-8(안심새길 11),2019-12-26,2020-02-27
621,와이케이8호태양광발전소,785.89,"전라북도 전주시 덕진구 팔복동3가 400, 400-6",2019-02-14,
622,더조아태양광발전소,150,"전라북도 전주시 덕진구 전미동1가 327-5(주1, 주2)",2019-02-14,2019-05-20
623,성덕동173,129.36,전라북도 전주시 덕진구 성덕동 173-20,2019-02-26,
624,한국중부발전-코레일 전주태양광발전소,273.06,전라북도 전주시 덕진구 반월동 563-1,2019-03-14,
625,우신2호태양광발전소,145.36,"전라북도 전주시 덕진구 고랑동 290-8(주1, 주2)",2019-04-08,2019-12-24
626,SM태양광발전소,199.43,전라북도 전주시 완산구 석구동 770-1,2019-06-05,
627,YN태양광발전소,398.86,전라북도 전주시 완산구 석구동 770-1,2019-06-05,
628,서전주현대서비스(유)태양광발전소,179.82,"전라북도 전주시 덕진구 만성동 362, 362-2, 359-2",2019-06-13,
629,매암태양광발전소,100,전라북도 전주시 덕진구 원동 688-1,2019-08-01,
630,매암태양광발전소3호,200,전라북도 전주시 덕진구 원동 661-6,2019-08-01,
631,선경태양광발전소,19.98,전라북도 전주시 덕진구 고잔2길 51,2020-01-03,2020-04-10
632,CS4호태양광발전소,29.4,전라북도 전주시 덕진구 장동 561-3(재방마을길 27-12),2020-01-03,2020-06-04
633,하늘내팜에너지태양광발전소,99.45,전라북도 전주시 덕진구 강흥동 134-21(도강길 109-80),2020-01-09,
634,롯데마트전주점태양광발전소,181.35,전라북도 전주시 완산구 효자동2가 1234-3(우전로 240),2020-01-13,
635,디에스태양광발전소,29.625,전라북도 전주시 덕진구 여의동 660-62(비석날로 59-12),2020-01-20,2020-05-27
636,우일태양광발전소,19,전라북도 전주시 덕진구 만성동 661-5(두현길 46-15),2020-01-31,2020-08-11
637,금상2태양광발전소,62.775,전라북도 전주시 덕진구 금상동 1289-1(수리재길 25),2020-01-31,
638,다온태양광발전소,79.17,전라북도 전주시 덕진구 고랑동 612-1(삼례로 102-49),2020-01-31,
639,진흥태양광발전소,26.465,"전라북도 전주시 덕진구 호성동1가 851-11,848-27(동부대로 897-13)",2020-02-06,2020-05-12
640,장동태양광발전소,31.6,전라북도 전주시 덕진구 장동 742-1(정암길 24-1),2020-02-06,2020-05-29
641,초포태양광발전소,87.565,전라북도 전주시 덕진구 호성동2가 470-15(초포로 251),2020-02-06,2020-05-29
642,영수태양광발전소,12.2,전라북도 전주시 완산구 효자동1가 667-12(효자천변1길 26-19),2020-02-13,2020-04-23
643,반월태양광발전소,36.9,"전라북도 전주시 덕진구 반월동 800-25, 800-83(원반월길 36-21)",2020-02-26,2020-06-08
644,라움태양광발전소,201.6,전라북도 전주시 완산구 효자동2가 908(한절길 67-29),2020-02-26,
645,용명태양광발전소,30,전라북도 전주시 완산구 효자동1가 607-13(거마평로 222),2020-03-05,
646,선우태양광발전소,19.92,전라북도 전주시 완산구 효자동2가 1330-8(우전1길 57),2020-03-05,
647,성정식태양광발전소,19.6,전라북도 전주시 덕진구 덕진동1가 1403-17(사평로 47),2020-03-19,
648,진기태양광발전소,12.13,전라북도 전주시 덕진구 전미동2가 1023-1(진기길 59-2),2020-03-19,2020-08-11
649,밝은에너지태양광발전소,50,전라북도 전주시 덕진구 전미동2가 28-20(전미중앙로 185),2020-04-01,
650,솔라파크5호태양광발전소,89.64,전라북도 전주시 덕진구 반월동 619-15(암실길 96),2020-04-01,2020-08-28
651,석훈에너지,71.7,전라북도 전주시 덕진구 전미동2가 69-9(전미로 242),2020-04-01,
652,청담스크린태양광발전소,29.25,전라북도 전주시 덕진구 산정동 865-5(산정1길 18-4),2020-04-01,2020-07-27
653,승기태양광발전소,30,전라북도 전주시 완산구 상림동 131(안심새길 12),2020-04-17,
654,국민발전소,29.25,전라북도 전주시 완산구 중화산동2가 484-22(신촌3길 19-6),2020-04-17,2020-07-15
655,박오석태양광발전소,80.58,전라북도 전주시 덕진구 성덕동 460,2020-05-01,
656,혜자용정태양광,99.96,전라북도 전주시 덕진구 용정동 262-15(새만금북로 486),2020-05-01,2020-10-16
657,헬스바이오태양광4호,20,전라북도 전주시 덕진구 원동 701-14(탑동길 41),2020-05-08,
658,햇빛태양광발전소,16.59,전라북도 전주시 완산구 서신동 846-6(서신천변로 21),2020-05-08,2020-07-24
659,OTG태양광발전소,18.24,전라북도 전주시 덕진구 진북동 363-2(팔달로 330-14),2020-05-22,
660,헬스바이오태양광3호,20,전라북도 전주시 덕진구 원동 698(탑동길 44-2),2020-05-22,
661,부현발전소,49.8,"전라북도 전주시 덕진구 팔복동3가 27-5, 주2동(추천로 47-8)",2020-05-22,
662,피어나태양광발전소,16.4,전라북도 전주시 덕진구 진북동 434-152(숲정이4길 5-12),2020-05-26,
663,함께하는태양광발전소,37.8,전라북도 전주시 완산구 원당동 696-1(원당길 3-75),2020-05-29,
664,대원태양광발전소,19.92,전라북도 전주시 완산구 효자동3가 1424-6(서곡6길 23-10),2020-06-02,
665,서안태양광발전소,19.99,전라북도 전주시 덕진구 호성동1가 453-1(초당길 83),2020-06-18,2020-09-15
666,금강태양광발전소,29.25,전라북도 전주시 덕진구 반월동 625-48(쪽구름로 190-14),2020-06-18,2020-10-20
667,성안나태양광발전소,46.48,전라북도 전주시 덕진구 만성동 1289-2(만성중앙로 54-81),2020-06-23,
668,장형파워태양광발전소2호,99.54,전라북도 전주시 덕진구 호성동2가 491-4,2020-06-24,
669,전주시민햇빛발전소3호,99.6,"전라북도 전주시 덕진구 호성동1가 산36-4, 호성동2가 산59-7(천마배수지 상부)",2020-06-24,
670,오페라2태양광발전소,29.4,전라북도 전주시 덕진구 여의동 1206-6(혁신로 601),2020-06-26,
671,전주시민햇빛발전소4호,88.2,전라북도 전주시 덕진구 송천동1가 186,2020-07-06,
672,로즈피아1호태양광,99.45,전라북도 전주시 덕진구 강흥동 134-21(도강길 109-80),2020-07-09,
673,로즈피아2호태양광,99.45,전라북도 전주시 덕진구 강흥동 134-21(도강길 109-80),2020-07-09,
674,전주리빙텔 태양광발전소,19.88,전라북도 전주시 덕진구 명륜3길 22 (금암동),2020-07-20,
675,금암 태양광발전소,13.72,전라북도 전주시 덕진구 금암5길 21-6 (금암동),2020-07-20,
676,루트 태양광발전소,96,전라북도 전주시 덕진구 서귀로 185 (여의동),2020-07-20,
677,해광가설,29.7,전라북도 전주시 덕진구 신흥마을길 75-10 (고랑동),2020-08-11,
678,준령1호태양광발전소,20,전라북도 전주시 덕진구 석소3길 22 (우아동2가),2020-08-11,
679,준령2태양광발전소,20,전라북도 전주시 덕진구 인교로 59 (우아동1가),2020-08-11,
680,호진1태양광발전소,20,"전라북도 전주시 덕진구 한배미4길 22 (인후동1가, 도로시빌)",2020-08-11,
681,호진2태양광발전소,20,전라북도 전주시 덕진구 석소2길 21-1 (우아동2가),2020-08-11,
682,길환에너지,294.8,전라북도 전주시 덕진구 재방마을길 27-9 (장동),2020-08-11,
683,창성에너지,398.6,전라북도 전주시 덕진구 신복로 18-21 (팔복동1가),2020-08-11,
684,행복태양광발전소,99.45,전라북도 전주시 덕진구 번영로 200 (원동),2020-08-11,
685,평화태양광발전소,99.45,전라북도 전주시 덕진구 번영로 200 (원동),2020-08-11,
686,김용진태양광발전소,19.95,전라북도 전주시 완산구 고덕산1길 82 (대성동),2020-08-11,
687,해피하우스 태양광발전소,19.58,전라북도 전주시 완산구 황강서원2길 8 (효자동3가),2020-08-11,
688,삼천태양광발전소,19.58,전라북도 전주시 완산구 거마중앙로 25-1 (삼천동1가),2020-08-11,
689,박미경태양광발전소,29.7,"전라북도 전주시 완산구 난전들로 156-14, 카페정을담다 (평화동3가)",2020-08-11,
690,공희태양광발전소,29.6,전라북도 전주시 완산구 성지산3길 12 (효자동1가),2020-08-18,
691,일월1호태양광발전소,28.6,"전라북도 전주시 완산구 황강서원3길 3-4, 토토빌 (효자동3가)",2020-08-24,
692,일월2호태양광발전소,12.32,"전라북도 전주시 덕진구 권삼득로 379-7, 로즈빌 (덕진동1가)",2020-08-24,
693,일월3호태양광발전소,10.56,"전라북도 전주시 완산구 강당4길 10, 자이온빌 (중화산동1가)",2020-08-24,
694,일월4호태양광발전소,19.8,"전라북도 전주시 완산구 문학대6길 1 (효자동3가, 이레빌라)",2020-08-24,
695,국재태양광발전소,29.7,"전라북도 전주시 덕진구 아중1길 19 (우아동2가, 헤로스)",2020-08-24,
696,G&S2호태양광발전소,18,"전라북도 전주시 완산구 경원동3가 5-7(충경로 125-17,)",2020-08-28,
697,HP1태양광발전소,18.06,"전라북도 전주시 완산구 서신동 779-5(감나무3길 4-3,)",2020-08-28,
698,삼천1호태양광발전소,19.8,"전라북도 전주시 완산구 삼천동1가 664-11(솟대2길 48,)",2020-08-28,
699,김문성태양광발전소,19.875,전라북도 전주시 완산구 삼천동1가 621-7(거마산2길 4),2020-09-03,
700,신재철태양광발전소,19.875,전라북도 전주시 완산구 삼천동1가 621-8(거마산2길 4-4),2020-09-03,
701,연성태양광발전소,14.94,전라북도 전주시 덕진구 인후동1가 955-3(한배미6길 14),2020-09-03,
702,대한태양광발전소,99.68,전라북도 전주시 덕진구 팔복동3가 825(원만성로 19),2020-09-03,
703,중인모악발전소,29.4,전라북도 전주시 완산구 중인동 309-2(모악산자락길 51),2020-09-03,
704,광산에너지태양광발전소,408.03,"전라북도 전주시 완산구 효자동가 1045-43~48(유연로14,)",2020-09-11,
705,행복태양광발전소,18.675,전라북도 전주시 덕진구 만성동 206-4(정여립로 1036),2020-09-11,
706,가은태양광,19.725,전라북도 전주시 완산구 대성동 122-1(고덕산1길 153),2020-09-11,
707,피앤발전소,50,전라북도 전주시 완산구 중인동 112 (장교로 4-34),2020-09-11,
708,전주시제1호에너지기금발전소,99.96,전라북도 전주시 완산구 중인동 361-1 (모악산자락길 22),2020-09-22,
709,한빛태양광발전소,99.9,전라북도 전주시 덕진구 고랑동 332-4(신흥마을길 145),2020-09-22,
710,KN태양광발전소1호,99.9,"전라북도 전주시 덕진구 반월동 849-5, 849-33, 849-34(번영로 462-7)",2020-09-22,
711,KN태양광발전소2호,49.95,전라북도 전주시 덕진구 반월동 849-32(번영로 462-9),2020-09-22,
712,우리발전소,39.6,전라북도 전주시 덕진구 여의동 1137-1(팔복로 338),2020-09-22,
713,김영문3호태양광발전소,45,"전라북도 전주시 완산구 효자동3가 670-1, 670-29(천잠로 411-8)",2020-09-29,
714,청담태양광발전소,29.88,전라북도 전주시 덕진구 우아동3가 747-48(우아3길 13),2020-09-29,
715,바로태양광발전소1호,29.8,전라북도 전주시 덕진구 성덕동 173-28(주1)(신성길 21),2020-10-12,
716,바로태양광발전소2호,29.8,전라북도 전주시 덕진구 성덕동 173-28(주2)(신성길 21),2020-10-12,
717,용복태양광발전소,23.4,전라북도 전주시 완산구 용복동 239(선비로 1431-63),2020-10-12,
718,노만엽1태양광발전소,19.74,전라북도 전주시 덕진구 화전동 133-3(화전신정길 39-4),2020-10-12,
719,영창태양광발전소,99.45,전라북도 전주시 덕진구 원동 490,2020-10-12,
720,승민태양광발전소,25,전라북도 전주시 덕진구 원동 490,2020-10-12,
721,크라운태양광발전소,25,전라북도 전주시 덕진구 원동 490,2020-10-12,
722,명덕2호태양광발전소,29.9,"전라북도 전주시 완산구 평화동2가 302-3, 302-15(모악로 4692,)",2020-10-21,
723,유신태양광발전소1호,19.98,"전라북도 전주시 완산구 색장동 612(은석길 10-15,)",2020-10-21,
724,시우2태양광,49.8,"전라북도 전주시 덕진구 원동 238, 237",2020-10-30,
725,지동2호태양광,99.6,"전라북도 전주시 덕진구 원동 239-2, 237",2020-10-30,
726,창호태양광,99.6,"전라북도 전주시 덕진구 원동 239-2, 239-5, 237",2020-10-30,
727,정후태양광,99.6,"전라북도 전주시 덕진구 원동 239-5, 237",2020-10-30,
728,풍년태양광,99.6,"전라북도 전주시 덕진구 원동 239-5, 238, 237",2020-10-30,
729,지안태양광,99.6,"전라북도 전주시 덕진구 원동 239-5, 238, 237",2020-10-30,
730,혁신태양광,99.6,"전라북도 전주시 덕진구 원동 239-2, 237",2020-10-30,
